-- MySQL dump 10.13  Distrib 8.0.27, for Linux (x86_64)
--
-- Host: localhost    Database: vk
-- ------------------------------------------------------
-- Server version	8.0.27-0ubuntu0.20.04.1

/*!40101 SET @OLD_CHARACTER_SET_CLIENT=@@CHARACTER_SET_CLIENT */;
/*!40101 SET @OLD_CHARACTER_SET_RESULTS=@@CHARACTER_SET_RESULTS */;
/*!40101 SET @OLD_COLLATION_CONNECTION=@@COLLATION_CONNECTION */;
/*!50503 SET NAMES utf8mb4 */;
/*!40103 SET @OLD_TIME_ZONE=@@TIME_ZONE */;
/*!40103 SET TIME_ZONE='+00:00' */;
/*!40014 SET @OLD_UNIQUE_CHECKS=@@UNIQUE_CHECKS, UNIQUE_CHECKS=0 */;
/*!40014 SET @OLD_FOREIGN_KEY_CHECKS=@@FOREIGN_KEY_CHECKS, FOREIGN_KEY_CHECKS=0 */;
/*!40101 SET @OLD_SQL_MODE=@@SQL_MODE, SQL_MODE='NO_AUTO_VALUE_ON_ZERO' */;
/*!40111 SET @OLD_SQL_NOTES=@@SQL_NOTES, SQL_NOTES=0 */;

--
-- Table structure for table `communities`
--

DROP TABLE IF EXISTS `communities`;
/*!40101 SET @saved_cs_client     = @@character_set_client */;
/*!50503 SET character_set_client = utf8mb4 */;
CREATE TABLE `communities` (
  `id` int unsigned NOT NULL AUTO_INCREMENT COMMENT 'Идентификатор сроки',
  `name` varchar(150) CHARACTER SET utf8mb4 COLLATE utf8mb4_unicode_ci NOT NULL COMMENT 'Название группы',
  `created_at` datetime DEFAULT CURRENT_TIMESTAMP COMMENT 'Время создания строки',
  `updated_at` datetime DEFAULT CURRENT_TIMESTAMP ON UPDATE CURRENT_TIMESTAMP COMMENT 'Время обновления строки',
  PRIMARY KEY (`id`),
  UNIQUE KEY `name` (`name`)
) ENGINE=InnoDB AUTO_INCREMENT=101 DEFAULT CHARSET=utf8mb4 COLLATE=utf8mb4_unicode_ci COMMENT='Группы';
/*!40101 SET character_set_client = @saved_cs_client */;

--
-- Dumping data for table `communities`
--

LOCK TABLES `communities` WRITE;
/*!40000 ALTER TABLE `communities` DISABLE KEYS */;
INSERT INTO `communities` VALUES (1,'quis','1993-02-19 18:03:37','2021-10-17 14:30:42'),(2,'ea','2002-12-08 14:05:15','2006-03-07 04:21:04'),(3,'odit','2009-05-04 14:45:53','2004-06-24 23:04:37'),(4,'aut','2017-12-07 20:09:14','1999-11-17 19:14:33'),(5,'facilis','2004-10-15 06:45:06','1994-12-20 02:05:09'),(6,'dolorem','2010-11-08 02:27:11','1982-03-31 21:04:42'),(7,'voluptate','1970-12-14 02:45:26','2015-12-17 09:30:08'),(8,'voluptas','1973-02-20 18:14:12','1982-09-25 16:31:23'),(9,'eaque','1991-11-27 13:22:20','1979-04-02 13:07:04'),(10,'est','2000-05-24 03:40:49','2015-09-21 03:11:48'),(11,'repudiandae','1990-02-02 15:35:56','1973-07-05 13:26:37'),(12,'facere','2014-09-11 21:30:50','1998-06-15 05:01:27'),(13,'a','1999-12-19 02:07:17','2019-02-22 11:55:31'),(14,'ducimus','1973-12-13 21:44:09','1980-02-24 18:50:47'),(15,'illum','2014-01-01 04:47:39','1983-06-14 16:35:09'),(16,'et','1984-06-23 23:19:40','1981-11-09 16:41:55'),(17,'voluptatem','2002-05-11 08:18:58','2011-02-04 18:33:54'),(18,'commodi','2020-09-14 07:19:19','2019-09-02 12:45:07'),(19,'labore','1992-06-29 10:05:43','1997-06-27 03:37:59'),(20,'ad','1988-09-22 23:36:00','2009-03-05 18:39:32'),(21,'consequuntur','2017-05-03 19:48:56','2000-06-09 06:24:01'),(22,'modi','1994-03-30 04:50:39','1971-10-17 00:51:50'),(23,'deserunt','2018-04-30 10:56:06','1990-03-13 15:02:15'),(24,'impedit','1997-03-30 19:49:12','1972-06-11 12:03:04'),(25,'id','1989-04-05 20:24:22','1975-09-24 16:31:55'),(26,'delectus','1971-03-02 05:04:21','1993-03-10 03:30:30'),(27,'in','1994-11-18 01:38:32','2017-10-07 22:01:53'),(28,'non','2020-03-17 22:54:52','1999-11-02 12:17:07'),(29,'excepturi','2015-05-25 04:44:25','1973-01-10 17:26:39'),(30,'rerum','2004-11-16 18:11:34','2009-12-27 17:34:49'),(31,'provident','2000-10-24 03:05:48','2013-07-04 12:44:58'),(32,'consequatur','1995-10-23 22:29:54','2019-03-29 22:29:10'),(33,'ipsam','1978-08-30 19:27:56','1999-12-02 09:32:03'),(34,'molestias','2021-05-10 20:24:53','1998-07-06 01:27:01'),(35,'nesciunt','2007-11-18 21:50:02','1974-11-13 12:30:23'),(36,'sapiente','2007-12-09 11:11:01','1976-01-22 14:49:48'),(37,'praesentium','1986-11-25 11:01:57','2009-12-27 00:04:20'),(38,'perspiciatis','1994-01-13 02:49:02','1994-06-07 06:21:01'),(39,'unde','1970-06-27 15:46:38','1982-03-04 13:06:35'),(40,'quia','2007-03-17 10:26:43','1976-12-26 12:40:22'),(41,'laboriosam','2000-05-13 03:44:47','2001-05-27 04:58:47'),(42,'ut','2008-06-29 04:51:59','2011-08-07 23:20:21'),(43,'placeat','2020-12-02 22:03:47','1972-03-18 10:38:42'),(44,'architecto','1979-05-22 01:33:42','1983-05-08 07:57:24'),(45,'inventore','2004-10-24 12:44:32','1980-08-08 01:32:10'),(46,'qui','2021-08-07 14:07:01','1986-06-24 20:17:54'),(47,'omnis','1985-05-03 18:56:14','2011-04-10 21:26:41'),(48,'quo','1973-01-03 00:25:17','2002-12-07 19:37:08'),(49,'repellendus','1970-05-26 07:39:43','2009-08-29 03:38:37'),(50,'maxime','1997-05-29 22:15:29','2001-10-02 21:57:45'),(51,'sit','2004-06-08 06:35:17','1982-05-15 03:17:31'),(52,'error','2016-03-12 20:42:17','1979-11-04 21:02:45'),(53,'cum','1976-12-28 08:50:53','1988-10-14 19:07:52'),(54,'sint','2002-04-04 10:57:02','2001-10-18 04:10:22'),(55,'nostrum','1989-05-11 12:48:33','1987-08-05 19:54:43'),(56,'sed','2005-11-21 20:54:29','1976-11-06 18:08:59'),(57,'recusandae','1985-01-06 14:32:15','1977-09-05 07:44:01'),(58,'rem','1987-02-17 21:43:10','2002-05-17 13:40:34'),(59,'quos','1975-06-21 13:42:10','2013-10-20 09:59:12'),(60,'consectetur','1987-09-15 03:57:13','2005-04-14 05:40:20'),(61,'incidunt','1970-02-13 12:36:24','1993-06-02 01:15:27'),(62,'occaecati','1983-01-06 20:55:54','1983-08-15 22:34:11'),(63,'amet','2021-12-06 16:23:48','2002-11-14 17:49:17'),(64,'numquam','2011-10-30 23:11:11','2018-09-13 19:25:33'),(65,'harum','1977-03-25 08:30:22','1999-01-01 09:08:04'),(66,'aliquam','2002-01-16 07:49:56','1975-10-07 05:26:24'),(67,'sequi','2003-06-26 11:41:06','2000-04-25 16:21:14'),(68,'dignissimos','1995-12-17 05:18:01','1983-10-03 14:20:46'),(69,'quod','1993-09-20 20:52:17','1993-11-02 04:05:27'),(70,'culpa','1992-11-20 22:51:05','1998-08-14 13:49:12'),(71,'optio','1983-04-08 16:44:13','1975-08-04 14:04:42'),(72,'accusantium','1974-12-07 09:07:39','1986-02-28 12:55:08'),(73,'veniam','2018-04-10 21:36:45','2010-05-06 09:37:15'),(74,'libero','2005-04-10 02:54:05','2004-11-12 22:19:00'),(75,'quisquam','1995-12-17 14:40:03','1991-05-06 10:30:00'),(76,'dolorum','1999-05-22 07:54:05','1973-01-27 18:20:23'),(77,'aliquid','2004-11-15 07:47:59','2006-03-03 03:18:17'),(78,'temporibus','2007-10-04 00:47:42','1971-02-11 19:36:34'),(79,'reprehenderit','2002-09-23 20:09:34','2014-06-14 22:43:25'),(80,'laborum','1986-08-24 07:14:54','2008-11-18 02:08:18'),(81,'magni','2019-08-23 23:32:46','1989-04-25 09:58:08'),(82,'eos','1982-03-16 14:09:04','2005-12-20 01:31:26'),(83,'tempore','2012-09-23 19:17:19','1984-11-12 15:57:08'),(84,'eius','1985-03-04 09:02:39','2021-02-02 04:59:06'),(85,'quae','1983-07-03 07:58:43','1970-10-14 13:41:14'),(86,'suscipit','1990-05-07 11:29:14','1982-04-01 14:44:39'),(87,'accusamus','1988-07-12 14:40:36','1995-11-23 01:41:32'),(88,'velit','1971-03-17 03:59:27','1976-02-22 15:06:29'),(89,'fugit','2010-10-14 19:58:35','1988-12-16 19:14:34'),(90,'corrupti','2014-03-25 20:40:06','1974-10-06 07:58:29'),(91,'vero','2021-10-05 06:59:34','2005-09-12 16:08:47'),(92,'alias','2021-07-24 19:03:09','1975-05-01 23:36:12'),(93,'autem','2006-05-11 23:50:55','2006-12-16 17:32:52'),(94,'officiis','2008-06-23 08:33:34','2008-12-01 16:59:33'),(95,'nulla','1987-02-24 17:45:09','2012-11-05 17:27:14'),(96,'doloremque','2021-05-01 11:33:17','1974-05-06 05:21:02'),(97,'sunt','1996-05-15 02:19:28','2007-01-19 00:49:56'),(98,'fuga','2001-12-26 14:38:26','2004-10-19 17:42:17'),(99,'fugiat','1980-11-27 12:42:42','2019-05-29 18:52:54'),(100,'reiciendis','1972-01-06 00:51:51','1974-06-23 00:39:12');
/*!40000 ALTER TABLE `communities` ENABLE KEYS */;
UNLOCK TABLES;

--
-- Table structure for table `communities_users`
--

DROP TABLE IF EXISTS `communities_users`;
/*!40101 SET @saved_cs_client     = @@character_set_client */;
/*!50503 SET character_set_client = utf8mb4 */;
CREATE TABLE `communities_users` (
  `community_id` int unsigned NOT NULL COMMENT 'Ссылка на группу',
  `user_id` int unsigned NOT NULL COMMENT 'Ссылка на пользователя',
  `created_at` datetime DEFAULT CURRENT_TIMESTAMP COMMENT 'Время создания строки',
  PRIMARY KEY (`community_id`,`user_id`) COMMENT 'Составной первичный ключ'
) ENGINE=InnoDB DEFAULT CHARSET=utf8mb4 COLLATE=utf8mb4_unicode_ci COMMENT='Участники групп, связь между пользователями и группами';
/*!40101 SET character_set_client = @saved_cs_client */;

--
-- Dumping data for table `communities_users`
--

LOCK TABLES `communities_users` WRITE;
/*!40000 ALTER TABLE `communities_users` DISABLE KEYS */;
INSERT INTO `communities_users` VALUES (1,1,'1993-07-21 00:56:08'),(2,2,'1991-02-02 09:08:23'),(3,3,'2019-07-23 22:55:37'),(4,4,'2002-07-02 14:38:33'),(5,5,'1995-12-20 18:36:51'),(6,6,'2016-05-02 12:02:37'),(7,7,'2009-12-25 13:09:17'),(8,8,'2012-07-04 13:29:17'),(9,9,'1989-08-03 17:36:49'),(10,10,'1980-09-29 07:01:26'),(11,11,'1986-08-14 17:26:27'),(12,12,'1990-08-20 20:11:09'),(13,13,'2021-09-17 23:20:53'),(14,14,'2005-04-11 15:35:49'),(15,15,'1979-03-02 14:00:45'),(16,16,'1993-02-04 13:18:12'),(17,17,'1997-09-19 03:22:46'),(18,18,'1988-08-14 07:11:40'),(19,19,'2002-08-24 02:21:09'),(20,20,'1995-08-20 07:57:27'),(21,21,'1992-02-19 14:03:03'),(22,22,'2008-12-28 09:56:37'),(23,23,'1970-02-15 13:28:40'),(24,24,'1972-03-17 07:45:01'),(25,25,'2004-08-09 07:37:03'),(26,26,'1971-07-07 18:34:03'),(27,27,'1983-03-19 08:34:00'),(28,28,'1976-09-02 01:01:48'),(29,29,'1978-10-19 12:36:16'),(30,30,'1985-05-30 17:05:47'),(31,31,'1995-07-22 01:57:19'),(32,32,'1970-03-13 02:14:18'),(33,33,'2003-05-01 23:18:42'),(34,34,'1990-11-08 00:03:46'),(35,35,'1979-11-28 23:14:14'),(36,36,'1983-10-18 00:17:21'),(37,37,'2019-01-17 19:35:12'),(38,38,'2011-02-22 06:22:34'),(39,39,'1991-03-26 11:55:48'),(40,40,'2000-07-18 13:40:37'),(41,41,'1984-08-21 23:11:20'),(42,42,'2003-03-09 19:07:02'),(43,43,'2002-02-26 08:12:13'),(44,44,'2012-09-02 06:32:45'),(45,45,'1972-10-31 08:40:45'),(46,46,'1972-03-12 00:49:07'),(47,47,'1995-06-22 20:22:11'),(48,48,'1996-06-13 09:12:43'),(49,49,'1994-10-22 22:18:24'),(50,50,'2009-05-18 09:02:14'),(51,51,'2007-02-16 13:20:03'),(52,52,'1971-05-01 14:40:05'),(53,53,'1991-11-06 07:24:38'),(54,54,'2000-08-23 19:06:11'),(55,55,'2009-03-19 21:57:18'),(56,56,'2005-04-06 01:52:38'),(57,57,'2010-03-16 12:14:50'),(58,58,'2016-09-23 16:49:39'),(59,59,'1976-06-22 05:36:13'),(60,60,'2016-12-05 12:10:10'),(61,61,'1974-08-09 08:00:59'),(62,62,'1993-05-08 14:40:17'),(63,63,'1983-03-26 13:15:01'),(64,64,'1993-03-13 00:17:52'),(65,65,'1992-04-24 05:25:52'),(66,66,'2012-01-16 10:59:24'),(67,67,'1991-05-13 08:15:05'),(68,68,'2002-02-27 17:03:50'),(69,69,'1987-09-01 13:23:08'),(70,70,'1990-02-18 13:44:46'),(71,71,'2005-05-03 15:50:17'),(72,72,'2003-11-20 12:20:29'),(73,73,'1985-07-12 04:31:21'),(74,74,'2008-11-03 20:18:52'),(75,75,'2000-08-02 13:19:57'),(76,76,'1983-08-30 14:33:51'),(77,77,'2000-05-12 00:44:47'),(78,78,'1973-05-24 02:42:02'),(79,79,'2021-12-27 09:10:23'),(80,80,'1982-03-27 01:40:27'),(81,81,'2016-07-31 10:36:13'),(82,82,'1985-08-07 02:35:33'),(83,83,'1982-02-11 09:20:55'),(84,84,'1991-07-23 19:49:26'),(85,85,'1986-01-05 12:30:30'),(86,86,'1981-07-22 00:19:20'),(87,87,'2011-06-18 18:53:13'),(88,88,'1981-11-23 19:14:51'),(89,89,'1979-01-24 16:19:02'),(90,90,'1992-12-18 18:43:10'),(91,91,'1989-03-09 14:07:17'),(92,92,'2020-02-20 10:28:00'),(93,93,'1989-09-14 20:55:28'),(94,94,'1971-11-20 09:11:59'),(95,95,'1977-11-22 09:38:48'),(96,96,'2019-09-24 03:06:21'),(97,97,'2005-10-29 15:20:42'),(98,98,'1990-06-04 23:53:50'),(99,99,'1993-02-14 09:20:57'),(100,100,'2008-04-05 18:49:34');
/*!40000 ALTER TABLE `communities_users` ENABLE KEYS */;
UNLOCK TABLES;

--
-- Table structure for table `friendship`
--

DROP TABLE IF EXISTS `friendship`;
/*!40101 SET @saved_cs_client     = @@character_set_client */;
/*!50503 SET character_set_client = utf8mb4 */;
CREATE TABLE `friendship` (
  `user_id` int unsigned NOT NULL COMMENT 'Ссылка на инициатора дружеских отношений',
  `friend_id` int unsigned NOT NULL COMMENT 'Ссылка на получателя приглашения дружить',
  `friendship_status_id` int unsigned NOT NULL COMMENT 'Ссылка на статус (текущее состояние) отношений',
  `confirmed_at` datetime DEFAULT NULL COMMENT 'Время подтверждения приглашения',
  `created_at` datetime DEFAULT CURRENT_TIMESTAMP COMMENT 'Время создания строки',
  `updated_at` datetime DEFAULT CURRENT_TIMESTAMP ON UPDATE CURRENT_TIMESTAMP COMMENT 'Время обновления строки',
  PRIMARY KEY (`user_id`,`friend_id`) COMMENT 'Составной первичный ключ'
) ENGINE=InnoDB DEFAULT CHARSET=utf8mb4 COLLATE=utf8mb4_unicode_ci COMMENT='Таблица дружбы';
/*!40101 SET character_set_client = @saved_cs_client */;

--
-- Dumping data for table `friendship`
--

LOCK TABLES `friendship` WRITE;
/*!40000 ALTER TABLE `friendship` DISABLE KEYS */;
INSERT INTO `friendship` VALUES (1,1,101,'1971-05-12 18:47:57','1973-09-02 05:49:48','1983-03-10 09:11:55'),(2,2,102,'2001-04-21 10:02:51','2005-07-09 08:57:52','2011-04-26 11:10:17'),(3,3,104,'2005-03-07 08:05:38','2019-08-15 18:37:50','1999-12-01 20:14:32'),(4,4,107,'2002-03-23 23:48:27','1980-09-26 20:01:33','1985-09-13 14:16:21'),(5,5,101,'1997-03-29 15:14:17','1984-07-14 06:49:28','2006-01-26 18:48:33'),(6,6,102,'1995-01-01 15:59:58','2000-07-17 14:07:54','1998-08-15 02:51:15'),(7,7,104,'2011-08-27 11:09:47','1995-08-18 07:54:52','2005-08-24 14:11:05'),(8,8,107,'1975-06-05 14:13:32','1971-12-13 01:28:48','1992-06-05 16:47:38'),(9,9,101,'2000-06-01 15:17:02','1981-02-08 09:25:05','1982-05-12 20:53:27'),(10,10,102,'2011-02-27 03:19:02','1980-05-08 20:51:13','1986-11-02 18:41:04'),(11,11,104,'1996-07-25 12:10:12','1999-10-15 16:31:30','1982-08-12 18:40:57'),(12,12,107,'1983-06-04 07:35:18','1995-03-17 17:09:04','2003-05-07 11:43:31'),(13,13,101,'2013-10-16 23:31:27','2000-10-01 03:28:32','2018-10-25 07:15:57'),(14,14,102,'2002-03-05 04:05:25','2014-01-26 16:30:45','1970-08-25 21:35:09'),(15,15,104,'1998-04-12 10:57:05','1982-02-12 03:56:04','2013-10-02 19:33:15'),(16,16,107,'1983-02-17 08:23:48','2017-01-15 11:24:24','2012-10-24 07:18:41'),(17,17,101,'1972-06-23 20:02:11','1992-07-07 02:18:33','1995-08-04 06:48:17'),(18,18,102,'2009-06-22 05:20:11','1983-12-12 09:39:46','1970-11-29 23:13:46'),(19,19,104,'1996-07-27 14:42:53','1999-07-08 04:42:37','1999-01-02 22:36:16'),(20,20,107,'1987-09-27 06:47:42','2006-02-16 06:40:32','1986-06-09 16:27:55'),(21,21,101,'2006-06-30 09:29:40','1997-06-30 19:32:05','2005-10-24 00:41:05'),(22,22,102,'1977-10-01 14:48:49','1992-02-20 13:12:18','2012-02-02 18:26:59'),(23,23,104,'2015-08-01 07:27:58','2014-06-24 06:12:34','1987-02-08 05:20:09'),(24,24,107,'2015-03-04 18:41:01','1989-07-13 16:37:01','1990-12-01 05:57:00'),(25,25,101,'2014-01-17 07:00:15','1991-12-14 23:19:02','2007-05-02 20:19:58'),(26,26,102,'1975-06-14 05:55:40','1993-06-21 00:09:56','1994-07-10 10:54:08'),(27,27,104,'1998-07-17 17:02:08','2018-03-29 22:30:55','2007-01-04 01:01:04'),(28,28,107,'1983-03-27 21:15:19','1991-10-28 09:23:20','1975-09-19 07:36:17'),(29,29,101,'2018-05-05 07:12:30','1973-02-27 23:04:43','2005-01-07 12:37:26'),(30,30,102,'2003-04-16 16:45:21','1977-09-20 14:41:02','1999-07-27 21:36:36'),(31,31,104,'2017-02-13 08:45:00','1984-05-29 23:35:16','2020-02-21 07:32:55'),(32,32,107,'1979-12-27 10:32:40','2004-07-14 10:11:48','2014-06-09 20:01:11'),(33,33,101,'1980-08-13 10:12:04','1992-04-07 17:22:07','1979-01-14 03:22:18'),(34,34,102,'1972-04-30 21:36:02','2001-11-02 14:41:18','1999-01-14 10:58:21'),(35,35,104,'1978-02-25 17:10:49','2005-06-14 04:37:35','1995-03-13 06:46:02'),(36,36,107,'1983-03-31 23:46:32','1982-08-20 08:18:21','2016-01-02 19:10:38'),(37,37,101,'1977-12-22 13:37:35','1972-04-10 01:11:07','2003-07-30 07:03:12'),(38,38,102,'2009-02-04 06:52:48','2015-09-01 22:33:59','1996-12-03 23:23:20'),(39,39,104,'1971-01-06 09:48:35','1973-04-16 19:53:16','2005-05-29 09:42:01'),(40,40,107,'1974-07-20 16:05:53','1997-02-21 03:15:48','1977-10-29 12:33:09'),(41,41,101,'2015-10-25 10:04:35','1993-09-17 08:48:18','2004-01-15 10:58:58'),(42,42,102,'2018-06-21 23:44:19','2020-07-19 00:21:07','2006-08-02 11:02:38'),(43,43,104,'1970-06-19 11:51:32','1978-02-03 05:16:14','1986-09-21 07:23:46'),(44,44,107,'1973-01-16 20:48:50','2018-03-27 09:41:37','2006-11-07 11:32:03'),(45,45,101,'2016-01-10 05:39:15','1985-03-12 10:17:09','1978-09-09 19:49:23'),(46,46,102,'1991-01-15 23:26:17','1970-06-26 21:33:12','2000-07-12 07:20:26'),(47,47,104,'2016-05-28 00:09:33','2011-06-01 19:09:49','1985-12-07 05:40:26'),(48,48,107,'1997-05-16 04:47:06','1971-12-21 01:08:24','2006-07-31 00:00:05'),(49,49,101,'1990-03-30 20:24:36','1987-07-15 01:17:15','1974-02-28 12:58:43'),(50,50,102,'2009-11-05 05:19:10','1985-12-13 07:35:33','2000-05-06 22:02:28'),(51,51,104,'1999-03-17 16:25:39','1990-02-01 19:30:37','1980-12-31 17:01:27'),(52,52,107,'1975-03-10 18:52:11','2012-07-06 02:51:52','2009-10-23 19:49:43'),(53,53,101,'2007-07-08 08:56:24','2019-06-29 17:03:52','2007-07-13 01:31:49'),(54,54,102,'1971-02-19 06:46:41','1998-07-31 15:56:42','2005-03-12 19:15:21'),(55,55,104,'1971-02-25 21:17:03','1977-05-26 14:42:28','1995-04-22 23:15:04'),(56,56,107,'1993-12-04 17:04:04','2017-05-18 19:16:37','2016-01-07 06:26:49'),(57,57,101,'1987-02-07 23:16:01','1971-02-12 08:43:16','1996-03-15 02:28:52'),(58,58,102,'1989-02-03 03:49:21','2021-01-10 12:51:29','1984-11-07 10:56:32'),(59,59,104,'2014-11-20 07:00:08','1991-08-17 09:13:49','2001-11-12 03:53:25'),(60,60,107,'2015-12-06 17:33:59','2021-04-09 17:22:01','1990-05-13 14:40:44'),(61,61,101,'1980-09-11 12:54:10','2007-07-21 03:18:38','1988-01-17 05:12:40'),(62,62,102,'1973-11-22 11:54:24','2008-06-22 16:52:17','2006-09-10 05:31:17'),(63,63,104,'2020-02-20 10:17:55','2005-06-18 17:04:52','2005-03-17 01:27:11'),(64,64,107,'1989-04-26 19:05:53','1990-06-05 14:08:13','2001-07-23 19:40:11'),(65,65,101,'2014-09-02 00:21:01','1976-05-23 07:42:33','1983-01-15 02:39:24'),(66,66,102,'2012-01-09 06:39:11','2006-01-23 21:30:23','1995-08-20 03:44:45'),(67,67,104,'1999-01-16 23:56:23','2012-08-12 09:52:38','2009-01-17 03:39:10'),(68,68,107,'1972-02-11 07:36:29','1975-02-05 05:04:06','2021-01-02 19:13:22'),(69,69,101,'2012-02-07 12:30:40','2012-09-13 18:54:09','1983-09-03 03:33:27'),(70,70,102,'2021-12-21 22:16:56','1999-08-07 18:30:34','1972-03-18 01:53:30'),(71,71,104,'2020-01-03 00:27:32','1984-10-03 20:02:00','1985-10-27 23:39:06'),(72,72,107,'2007-07-29 11:19:24','2016-01-12 03:47:36','1982-04-25 10:11:04'),(73,73,101,'2007-11-27 08:16:53','1998-03-24 14:07:21','2005-05-13 03:13:30'),(74,74,102,'1986-01-29 21:14:49','1977-08-06 13:22:51','2012-11-19 04:37:24'),(75,75,104,'1981-12-16 10:16:50','1992-10-02 09:04:45','1990-08-25 14:02:14'),(76,76,107,'2006-04-09 23:21:51','1987-07-02 07:51:26','1984-12-17 14:12:26'),(77,77,101,'2009-01-10 15:11:56','1972-02-20 23:39:19','2000-09-29 22:46:09'),(78,78,102,'2016-01-23 07:10:55','1991-01-31 09:30:13','1973-03-26 23:14:08'),(79,79,104,'1978-05-17 21:36:58','1995-12-31 08:51:12','2018-04-12 09:46:03'),(80,80,107,'2020-08-13 11:10:15','2019-02-28 14:33:58','1972-06-11 15:48:45'),(81,81,101,'2022-01-18 06:55:43','1987-12-02 10:43:50','1984-08-02 01:26:57'),(82,82,102,'2002-01-20 13:20:21','2005-05-05 21:05:57','2018-05-09 19:05:29'),(83,83,104,'2006-04-25 19:22:42','2002-09-29 10:45:30','1978-05-24 19:19:46'),(84,84,107,'1974-07-27 11:02:57','2005-02-12 22:20:21','2011-11-22 21:50:27'),(85,85,101,'1990-04-16 02:06:55','2008-04-30 04:00:41','2006-10-17 17:19:10'),(86,86,102,'1971-12-21 07:12:58','2003-06-22 16:38:19','1993-06-18 02:45:29'),(87,87,104,'1970-09-09 03:20:40','1997-11-04 09:06:07','1982-11-23 14:25:46'),(88,88,107,'2021-01-19 12:11:18','1989-03-08 22:59:48','1975-03-03 09:22:30'),(89,89,101,'1986-07-05 13:50:41','1971-09-01 20:11:15','1997-05-05 04:11:27'),(90,90,102,'1970-02-23 04:39:59','2021-10-18 01:05:58','1980-08-16 04:09:21'),(91,91,104,'2018-12-20 23:03:57','2002-02-27 15:11:34','2005-02-02 03:23:21'),(92,92,107,'1987-09-04 22:05:59','2013-01-06 22:44:01','1983-10-25 21:29:50'),(93,93,101,'2021-04-19 13:47:51','1970-08-03 08:49:01','2022-01-18 01:24:17'),(94,94,102,'1987-05-13 06:27:57','2010-01-04 04:17:42','2008-09-20 04:30:29'),(95,95,104,'2017-10-30 10:35:49','1979-03-28 16:09:34','1989-11-15 10:35:28'),(96,96,107,'1981-08-15 11:24:45','1994-06-12 03:13:47','1993-01-26 14:21:34'),(97,97,101,'1971-11-02 20:54:09','2006-09-13 21:25:51','1984-03-23 15:13:45'),(98,98,102,'2015-08-06 17:31:12','1984-10-27 13:37:49','1984-06-06 13:44:55'),(99,99,104,'1987-04-21 00:08:07','2017-08-06 06:55:44','1992-06-25 23:30:48'),(100,100,107,'2008-08-30 04:31:51','2022-02-03 22:52:01','2017-08-09 08:22:39');
/*!40000 ALTER TABLE `friendship` ENABLE KEYS */;
UNLOCK TABLES;

--
-- Table structure for table `friendship_statuses`
--

DROP TABLE IF EXISTS `friendship_statuses`;
/*!40101 SET @saved_cs_client     = @@character_set_client */;
/*!50503 SET character_set_client = utf8mb4 */;
CREATE TABLE `friendship_statuses` (
  `id` int unsigned NOT NULL AUTO_INCREMENT COMMENT 'Идентификатор строки',
  `name` varchar(150) CHARACTER SET utf8mb4 COLLATE utf8mb4_unicode_ci NOT NULL COMMENT 'Название статуса',
  `created_at` datetime DEFAULT CURRENT_TIMESTAMP COMMENT 'Время создания строки',
  `updated_at` datetime DEFAULT CURRENT_TIMESTAMP ON UPDATE CURRENT_TIMESTAMP COMMENT 'Время обновления строки',
  PRIMARY KEY (`id`),
  UNIQUE KEY `name` (`name`)
) ENGINE=InnoDB AUTO_INCREMENT=201 DEFAULT CHARSET=utf8mb4 COLLATE=utf8mb4_unicode_ci COMMENT='Статусы дружбы';
/*!40101 SET character_set_client = @saved_cs_client */;

--
-- Dumping data for table `friendship_statuses`
--

LOCK TABLES `friendship_statuses` WRITE;
/*!40000 ALTER TABLE `friendship_statuses` DISABLE KEYS */;
INSERT INTO `friendship_statuses` VALUES (101,'','1994-03-03 21:57:27','1975-06-03 03:48:55'),(102,'best friends','2017-09-28 20:28:06','2019-02-01 13:09:18'),(104,'friend','2004-01-12 02:20:32','1979-03-31 09:55:29'),(107,'familiar','2014-01-28 22:37:19','1986-05-16 13:31:52');
/*!40000 ALTER TABLE `friendship_statuses` ENABLE KEYS */;
UNLOCK TABLES;

--
-- Table structure for table `media`
--

DROP TABLE IF EXISTS `media`;
/*!40101 SET @saved_cs_client     = @@character_set_client */;
/*!50503 SET character_set_client = utf8mb4 */;
CREATE TABLE `media` (
  `id` int unsigned NOT NULL AUTO_INCREMENT COMMENT 'Идентификатор строки',
  `user_id` int unsigned NOT NULL COMMENT 'Ссылка на пользователя, который загрузил файл',
  `filename` varchar(255) CHARACTER SET utf8mb4 COLLATE utf8mb4_unicode_ci NOT NULL COMMENT 'Путь к файлу',
  `size` int NOT NULL COMMENT 'Размер файла',
  `metadata` longtext CHARACTER SET utf8mb4 COLLATE utf8mb4_bin COMMENT 'Метаданные файла',
  `media_type_id` int unsigned NOT NULL COMMENT 'Ссылка на тип контента',
  `created_at` datetime DEFAULT CURRENT_TIMESTAMP COMMENT 'Время создания строки',
  `updated_at` datetime DEFAULT CURRENT_TIMESTAMP ON UPDATE CURRENT_TIMESTAMP COMMENT 'Время обновления строки',
  PRIMARY KEY (`id`),
  CONSTRAINT `media_chk_1` CHECK (json_valid(`metadata`))
) ENGINE=InnoDB AUTO_INCREMENT=101 DEFAULT CHARSET=utf8mb4 COLLATE=utf8mb4_unicode_ci COMMENT='Медиафайлы';
/*!40101 SET character_set_client = @saved_cs_client */;

--
-- Dumping data for table `media`
--

LOCK TABLES `media` WRITE;
/*!40000 ALTER TABLE `media` DISABLE KEYS */;
INSERT INTO `media` VALUES (1,1,'voluptas',99785600,NULL,1,'1971-11-27 09:14:05','1983-12-28 17:47:47'),(2,2,'consequatur',636803,NULL,2,'1994-09-07 05:27:13','1992-04-01 04:44:40'),(3,3,'maxime',12447,NULL,3,'1986-11-17 11:55:35','1997-10-24 09:39:44'),(4,4,'voluptate',7,NULL,4,'2000-11-09 02:47:23','2010-01-09 01:49:28'),(5,5,'consequuntur',446,NULL,5,'2022-01-10 00:54:17','2013-03-19 20:08:44'),(6,6,'id',681323448,NULL,6,'1971-07-24 20:25:11','1995-07-20 08:12:36'),(7,7,'porro',648309,NULL,7,'1977-10-09 08:31:26','2013-02-21 18:06:43'),(8,8,'rerum',9921550,NULL,8,'2012-05-30 23:42:08','1999-02-20 15:07:28'),(9,9,'veniam',11958963,NULL,9,'2000-06-28 05:02:23','2021-05-03 11:40:56'),(10,10,'dolores',54910956,NULL,10,'1984-06-25 03:36:29','2012-06-12 15:22:42'),(11,11,'minus',137041,NULL,11,'1973-09-19 11:30:28','1989-11-13 16:05:23'),(12,12,'sit',15,NULL,12,'1991-03-24 10:31:01','2008-04-15 05:25:28'),(13,13,'voluptas',532707483,NULL,13,'2021-07-28 06:15:06','1997-07-16 03:05:06'),(14,14,'quo',81,NULL,14,'2009-05-29 13:35:20','1992-05-23 15:31:42'),(15,15,'facere',9633000,NULL,15,'2007-11-11 01:36:43','2007-03-25 21:49:27'),(16,16,'aut',70306,NULL,16,'1978-02-08 09:18:19','2014-01-23 19:16:44'),(17,17,'iure',274889,NULL,17,'1993-09-09 11:31:21','1980-06-19 05:08:03'),(18,18,'laudantium',4,NULL,18,'1979-08-26 13:41:08','1981-07-23 03:17:27'),(19,19,'et',5889654,NULL,19,'1984-10-04 19:30:41','2017-02-26 03:21:47'),(20,20,'nihil',446207749,NULL,20,'2011-08-15 11:31:27','1991-05-20 20:22:45'),(21,21,'et',39,NULL,21,'2001-01-22 22:46:46','1999-09-26 03:21:27'),(22,22,'cum',513,NULL,22,'1998-04-12 22:14:57','1975-12-26 20:54:48'),(23,23,'magnam',6082858,NULL,23,'1976-03-08 20:48:11','2005-08-05 02:59:50'),(24,24,'dolore',0,NULL,24,'2001-09-02 08:51:38','1978-09-06 07:24:56'),(25,25,'soluta',26,NULL,25,'2017-09-16 23:28:40','1984-07-24 04:20:05'),(26,26,'et',724746,NULL,26,'1971-09-03 16:07:10','2005-10-01 18:22:49'),(27,27,'molestiae',222995,NULL,27,'1999-12-26 02:19:27','2004-11-28 08:23:19'),(28,28,'voluptatem',0,NULL,28,'2019-10-25 10:17:16','2004-07-22 09:10:30'),(29,29,'excepturi',119686,NULL,29,'1986-06-25 13:28:04','1980-09-16 15:32:07'),(30,30,'eveniet',0,NULL,30,'1970-06-25 20:03:47','1975-09-04 19:20:39'),(31,31,'sint',84,NULL,31,'2016-03-10 06:59:53','1978-03-05 21:03:01'),(32,32,'consequatur',215336,NULL,32,'2006-03-26 15:48:37','1981-09-22 21:49:54'),(33,33,'asperiores',98912,NULL,33,'1972-06-03 00:14:43','1976-06-13 06:24:10'),(34,34,'aut',900,NULL,34,'1978-08-09 06:24:53','2007-08-20 06:49:09'),(35,35,'officia',648863139,NULL,35,'2002-01-29 06:11:11','2018-11-23 10:36:31'),(36,36,'suscipit',0,NULL,36,'2016-10-21 21:20:06','1997-09-20 00:00:14'),(37,37,'dolorem',38075930,NULL,37,'1985-06-11 13:07:27','1975-04-15 09:52:13'),(38,38,'nam',897307,NULL,38,'2008-10-07 00:13:30','1976-06-01 11:22:00'),(39,39,'qui',18,NULL,39,'1986-03-24 18:49:16','1974-11-16 22:45:52'),(40,40,'et',401,NULL,40,'1980-12-08 16:53:42','2004-10-31 04:15:43'),(41,41,'accusantium',432992,NULL,41,'1986-12-15 19:16:05','1972-03-29 20:58:32'),(42,42,'deleniti',7,NULL,42,'2016-03-05 05:45:21','1999-08-15 09:07:57'),(43,43,'sed',8889,NULL,43,'2014-03-29 22:48:57','1999-08-30 09:04:56'),(44,44,'inventore',4439,NULL,44,'1984-02-22 10:52:14','1975-07-28 08:57:43'),(45,45,'consectetur',6591172,NULL,45,'2011-01-28 04:09:32','1970-03-16 03:52:08'),(46,46,'nihil',2868298,NULL,46,'1974-11-04 10:16:37','1976-03-21 18:42:41'),(47,47,'nulla',7207,NULL,47,'2021-06-29 00:45:10','1989-08-10 23:00:45'),(48,48,'sed',495,NULL,48,'2018-08-11 12:39:03','2021-10-02 13:21:32'),(49,49,'magni',74005,NULL,49,'2015-12-04 16:58:10','1974-07-14 22:29:31'),(50,50,'et',24653,NULL,50,'1980-10-27 00:17:12','2016-01-03 01:20:45'),(51,51,'error',93,NULL,51,'2000-07-30 21:34:53','1970-07-25 06:09:41'),(52,52,'modi',93,NULL,52,'2008-04-07 11:06:16','1982-02-03 21:40:04'),(53,53,'quisquam',69834,NULL,53,'1974-02-21 00:14:31','1972-02-13 12:17:16'),(54,54,'quia',455,NULL,54,'2012-08-17 13:14:46','1998-01-28 15:06:46'),(55,55,'veritatis',592517,NULL,55,'1971-05-25 21:49:33','2021-03-21 23:37:56'),(56,56,'sit',0,NULL,56,'1990-10-18 07:46:27','1988-10-09 12:11:16'),(57,57,'autem',770922,NULL,57,'1973-02-16 15:56:28','1979-12-28 07:54:08'),(58,58,'fugiat',729,NULL,58,'1997-01-01 23:45:12','1975-01-11 23:30:09'),(59,59,'et',4571,NULL,59,'2014-06-19 12:20:17','1992-02-28 18:49:15'),(60,60,'qui',856,NULL,60,'2010-01-16 20:48:36','1995-12-02 08:14:09'),(61,61,'consequatur',17826130,NULL,61,'2016-04-29 09:47:09','1982-10-17 16:48:41'),(62,62,'est',1,NULL,62,'1973-10-23 23:33:19','1989-10-12 00:25:55'),(63,63,'aut',25,NULL,63,'1976-01-24 09:09:08','1979-12-04 14:44:59'),(64,64,'assumenda',34369,NULL,64,'1994-05-24 07:50:00','1996-01-17 22:02:40'),(65,65,'deserunt',82307,NULL,65,'2001-07-25 01:30:56','1983-09-29 21:51:22'),(66,66,'est',234846,NULL,66,'2004-05-01 18:44:39','1996-04-29 22:33:45'),(67,67,'id',882410423,NULL,67,'1993-05-04 21:31:17','1992-01-23 23:54:11'),(68,68,'magnam',8,NULL,68,'1972-12-23 09:04:16','1988-11-28 05:04:03'),(69,69,'explicabo',53311746,NULL,69,'1977-08-04 21:29:44','2005-03-12 12:13:17'),(70,70,'tempora',0,NULL,70,'2003-11-28 12:07:43','1971-09-21 18:45:26'),(71,71,'asperiores',954,NULL,71,'1979-06-09 02:47:44','2012-01-01 17:26:25'),(72,72,'voluptatum',5689371,NULL,72,'1970-07-12 13:02:51','1975-07-29 03:30:35'),(73,73,'eum',887385955,NULL,73,'1999-10-26 19:35:25','1972-10-17 05:45:30'),(74,74,'dolorum',977518,NULL,74,'1988-09-15 14:30:10','2017-10-27 22:18:50'),(75,75,'numquam',67830,NULL,75,'2017-01-13 23:58:34','1990-11-13 20:55:44'),(76,76,'non',3,NULL,76,'2002-05-08 05:24:58','1992-12-09 08:12:29'),(77,77,'consequatur',476,NULL,77,'2004-09-19 14:46:54','1998-09-25 08:30:56'),(78,78,'fuga',8418065,NULL,78,'1986-01-16 18:54:04','2004-12-13 17:28:50'),(79,79,'ut',26729,NULL,79,'1995-12-08 10:31:17','2017-08-13 11:04:29'),(80,80,'corporis',921649857,NULL,80,'2005-11-22 23:14:23','1993-03-23 02:22:38'),(81,81,'asperiores',98034284,NULL,81,'2020-06-23 23:05:45','1986-08-12 12:56:02'),(82,82,'et',71234718,NULL,82,'1999-11-29 22:09:15','2001-06-17 10:47:59'),(83,83,'consequatur',0,NULL,83,'1971-07-08 13:22:01','2003-12-15 20:06:00'),(84,84,'fugiat',380,NULL,84,'1993-03-02 14:21:30','1996-10-13 03:03:43'),(85,85,'optio',22187441,NULL,85,'1980-03-04 17:10:40','1981-01-23 12:10:25'),(86,86,'placeat',0,NULL,86,'2011-12-31 11:18:00','1998-07-09 07:56:46'),(87,87,'culpa',4143,NULL,87,'2021-03-11 12:47:51','1990-02-27 02:56:20'),(88,88,'excepturi',825402990,NULL,88,'2007-06-25 20:03:51','1974-04-05 10:53:17'),(89,89,'cumque',972069,NULL,89,'1972-01-08 07:06:16','1974-01-18 07:03:08'),(90,90,'recusandae',296,NULL,90,'1984-08-05 17:47:17','1973-10-20 11:30:46'),(91,91,'alias',88008,NULL,91,'1970-05-02 03:06:00','1980-10-22 22:47:37'),(92,92,'dolor',7438,NULL,92,'1982-03-17 18:20:59','2014-02-27 20:31:29'),(93,93,'est',0,NULL,93,'1971-07-25 17:52:28','1972-08-31 00:05:22'),(94,94,'unde',231,NULL,94,'2012-12-28 22:55:01','1993-09-29 00:35:26'),(95,95,'quis',943890,NULL,95,'1988-05-09 13:49:31','1982-04-06 03:54:23'),(96,96,'numquam',32249175,NULL,96,'1983-06-15 16:42:59','1994-10-10 09:38:17'),(97,97,'eum',283,NULL,97,'1973-04-05 06:47:15','2014-05-15 04:03:55'),(98,98,'ut',596590151,NULL,98,'1980-03-11 22:12:28','2004-12-07 16:37:32'),(99,99,'molestias',0,NULL,99,'1980-02-11 17:49:27','1984-01-14 01:21:43'),(100,100,'velit',1297997,NULL,100,'2020-09-29 18:13:50','2012-12-12 18:23:16');
/*!40000 ALTER TABLE `media` ENABLE KEYS */;
UNLOCK TABLES;

--
-- Table structure for table `media_types`
--

DROP TABLE IF EXISTS `media_types`;
/*!40101 SET @saved_cs_client     = @@character_set_client */;
/*!50503 SET character_set_client = utf8mb4 */;
CREATE TABLE `media_types` (
  `id` int unsigned NOT NULL AUTO_INCREMENT COMMENT 'Идентификатор строки',
  `name` varchar(255) CHARACTER SET utf8mb4 COLLATE utf8mb4_unicode_ci NOT NULL COMMENT 'Название типа',
  `created_at` datetime DEFAULT CURRENT_TIMESTAMP COMMENT 'Время создания строки',
  `updated_at` datetime DEFAULT CURRENT_TIMESTAMP ON UPDATE CURRENT_TIMESTAMP COMMENT 'Время обновления строки',
  PRIMARY KEY (`id`),
  UNIQUE KEY `name` (`name`)
) ENGINE=InnoDB AUTO_INCREMENT=101 DEFAULT CHARSET=utf8mb4 COLLATE=utf8mb4_unicode_ci COMMENT='Типы медиафайлов';
/*!40101 SET character_set_client = @saved_cs_client */;

--
-- Dumping data for table `media_types`
--

LOCK TABLES `media_types` WRITE;
/*!40000 ALTER TABLE `media_types` DISABLE KEYS */;
INSERT INTO `media_types` VALUES (1,'cum','2014-02-22 03:53:52','2014-03-02 00:46:48'),(2,'officia','1988-02-04 18:53:24','1982-06-18 03:14:19'),(3,'quod','2020-10-28 23:19:02','1988-07-02 13:18:09'),(4,'explicabo','1971-03-15 04:18:24','1970-11-23 02:44:21'),(5,'quia','2020-07-09 18:24:02','1996-02-17 15:03:08'),(6,'doloremque','2015-11-11 20:25:50','1988-06-07 09:33:47'),(7,'accusantium','2016-12-06 02:16:24','2013-05-06 21:40:01'),(8,'quis','1972-09-15 02:51:26','1995-02-09 01:19:10'),(9,'aut','1996-03-09 12:56:48','1999-01-29 13:07:57'),(10,'hic','2019-12-24 03:53:27','2017-07-16 03:36:50'),(11,'quos','1983-01-23 01:31:26','1999-06-06 10:43:31'),(12,'possimus','1989-09-11 08:11:17','1981-11-04 10:44:53'),(13,'dolore','1983-05-15 03:25:47','1998-12-21 07:03:15'),(14,'unde','1987-08-30 07:43:50','2021-09-02 23:08:18'),(15,'id','2002-11-30 06:45:42','1995-05-25 10:53:56'),(16,'voluptate','1972-10-31 00:33:53','2009-01-05 05:56:41'),(17,'rerum','1982-09-06 22:05:21','1971-04-26 11:35:39'),(18,'labore','2015-07-25 01:05:42','2010-04-09 11:22:11'),(19,'aliquam','1996-03-17 09:27:41','1976-04-27 23:03:45'),(20,'sunt','2013-07-15 14:53:28','1982-10-24 15:07:15'),(21,'fuga','1990-01-23 12:46:57','1976-06-16 23:12:53'),(22,'modi','2002-10-27 06:20:40','2014-02-04 17:05:55'),(23,'libero','2005-10-17 09:16:52','2010-06-09 00:57:31'),(24,'est','1983-03-25 21:25:44','1992-12-04 20:14:03'),(25,'consectetur','2005-12-26 15:58:25','1984-08-31 06:06:34'),(26,'et','2020-06-02 20:48:13','2015-04-23 16:52:03'),(27,'asperiores','1971-03-28 10:23:01','1998-03-08 14:45:23'),(28,'vel','1984-03-05 09:01:26','2000-01-16 06:04:59'),(29,'corporis','1998-03-02 23:36:28','2018-08-16 08:39:15'),(30,'numquam','1992-02-28 02:10:32','2020-07-29 09:10:46'),(31,'dolor','1997-09-01 18:19:23','1972-05-09 08:02:02'),(32,'perspiciatis','1980-10-02 15:07:08','2005-05-31 10:35:27'),(33,'molestias','2020-07-11 22:25:26','2006-04-25 16:31:52'),(34,'distinctio','1989-07-04 07:25:03','1986-07-31 05:10:02'),(35,'ea','1998-08-28 13:53:06','2001-03-19 20:53:23'),(36,'quibusdam','2017-02-03 12:12:25','1979-06-09 03:29:01'),(37,'maxime','2013-11-21 09:16:31','1978-12-14 01:57:35'),(38,'expedita','2020-04-24 02:02:38','1997-08-18 18:57:47'),(39,'nihil','1985-04-04 05:19:50','1974-08-30 19:15:53'),(40,'iste','1981-10-19 14:50:19','1985-01-22 21:23:31'),(41,'laborum','1987-11-30 17:54:58','1973-01-31 12:39:45'),(42,'commodi','1993-09-02 14:10:28','1985-01-19 22:07:35'),(43,'sit','1979-11-16 11:43:24','1981-10-16 12:14:23'),(44,'animi','2005-12-18 10:20:16','1994-05-03 07:57:19'),(45,'sint','1988-11-02 01:49:07','1973-05-01 01:59:17'),(46,'voluptatem','1974-06-27 00:15:06','2002-05-16 17:40:37'),(47,'dolorem','1993-03-28 15:56:58','1991-04-30 05:15:59'),(48,'dicta','1992-05-20 13:55:09','2016-12-02 12:02:04'),(49,'ut','1970-06-13 12:02:17','2012-06-15 17:03:46'),(50,'iusto','1998-02-03 15:54:23','1995-04-29 06:20:18'),(51,'necessitatibus','1996-05-20 04:03:42','2015-12-28 05:05:07'),(52,'architecto','1978-03-04 19:53:37','1999-02-23 21:16:13'),(53,'harum','1972-03-26 17:34:59','2014-04-30 12:53:54'),(54,'ab','1999-06-21 00:56:11','2005-06-24 00:29:29'),(55,'nostrum','1996-04-13 04:31:39','2018-07-06 04:39:53'),(56,'magni','1995-04-14 02:27:35','2016-06-17 21:59:29'),(57,'nulla','1996-05-27 21:50:31','2021-02-17 02:12:41'),(58,'debitis','1989-11-24 23:28:04','1972-06-20 05:39:37'),(59,'rem','2004-03-05 05:07:43','1986-09-05 22:52:33'),(60,'saepe','2021-04-24 20:03:55','1985-11-14 17:33:51'),(61,'optio','1998-02-06 09:51:43','2009-03-18 22:58:36'),(62,'consequuntur','2000-03-02 06:05:05','1995-12-14 13:08:52'),(63,'velit','1974-09-03 01:21:10','1997-02-11 15:42:02'),(64,'voluptates','2005-01-26 08:07:53','1973-06-19 22:23:43'),(65,'aperiam','1976-10-12 06:22:26','1992-03-12 18:45:53'),(66,'consequatur','2009-09-01 21:08:04','1994-10-30 00:47:07'),(67,'eos','2000-01-25 07:01:51','2001-12-21 15:22:19'),(68,'deserunt','1976-01-24 08:23:47','1997-07-04 01:36:20'),(69,'tempore','2006-03-17 08:16:42','2021-12-30 05:19:52'),(70,'eius','1986-12-27 18:47:41','2010-08-08 22:27:49'),(71,'quae','2019-07-02 21:06:47','2009-10-27 04:48:48'),(72,'excepturi','2002-05-27 04:27:55','2021-11-27 10:22:20'),(73,'qui','1981-02-25 15:06:48','2015-05-30 07:47:18'),(74,'omnis','1980-05-31 09:51:33','2013-08-07 22:42:47'),(75,'cupiditate','1997-02-05 15:57:54','1994-04-23 19:18:08'),(76,'accusamus','2011-11-20 06:24:26','1987-11-29 09:00:41'),(77,'quasi','1972-01-10 21:01:34','2000-01-12 20:54:41'),(78,'incidunt','1997-09-10 03:42:43','1993-07-03 05:28:28'),(79,'odio','1999-08-26 03:01:43','1970-03-31 17:30:40'),(80,'nisi','2000-12-29 02:41:50','1974-01-08 00:12:52'),(81,'inventore','1989-06-30 15:14:52','2008-12-19 17:55:41'),(82,'dolorum','2002-10-02 20:11:33','1970-09-12 17:37:47'),(83,'ducimus','1984-09-14 08:19:20','2001-07-17 09:54:19'),(84,'occaecati','1973-09-27 12:00:54','2012-04-22 12:04:02'),(85,'voluptas','1996-08-23 20:27:22','2003-02-25 10:53:12'),(86,'esse','2020-09-25 14:59:07','1995-08-26 02:43:42'),(87,'eligendi','1988-01-04 03:12:48','1988-05-30 14:03:23'),(88,'dolores','1990-08-18 15:36:49','1995-08-10 07:14:26'),(89,'in','2008-06-12 02:57:09','2018-03-27 01:13:23'),(90,'at','1998-03-22 13:45:06','2008-07-08 05:58:56'),(91,'assumenda','1993-08-01 00:39:28','1985-12-17 19:54:43'),(92,'sed','1977-02-26 18:59:35','1976-07-06 05:08:29'),(93,'eveniet','1985-07-25 14:43:00','2015-10-15 10:29:25'),(94,'illum','1978-01-26 07:17:19','1989-05-30 12:27:43'),(95,'quidem','2011-03-09 05:36:23','2020-09-20 20:45:59'),(96,'perferendis','1996-05-30 05:18:45','2005-10-12 14:39:37'),(97,'aliquid','1981-05-06 11:37:32','1997-08-16 14:27:43'),(98,'culpa','1996-07-16 07:26:12','2015-05-25 15:00:12'),(99,'tenetur','1994-12-21 17:35:03','1982-04-11 02:35:37'),(100,'voluptatum','2016-02-09 08:56:08','1975-09-24 13:46:03');
/*!40000 ALTER TABLE `media_types` ENABLE KEYS */;
UNLOCK TABLES;

--
-- Table structure for table `messages`
--

DROP TABLE IF EXISTS `messages`;
/*!40101 SET @saved_cs_client     = @@character_set_client */;
/*!50503 SET character_set_client = utf8mb4 */;
CREATE TABLE `messages` (
  `id` int unsigned NOT NULL AUTO_INCREMENT COMMENT 'Идентификатор строки',
  `from_user_id` int unsigned NOT NULL COMMENT 'Ссылка на отправителя сообщения',
  `to_user_id` int unsigned NOT NULL COMMENT 'Ссылка на получателя сообщения',
  `body` text CHARACTER SET utf8mb4 COLLATE utf8mb4_unicode_ci NOT NULL COMMENT 'Текст сообщения',
  `is_important` tinyint(1) DEFAULT NULL COMMENT 'Признак важности',
  `is_delivered` tinyint(1) DEFAULT NULL COMMENT 'Признак доставки',
  `created_at` datetime DEFAULT CURRENT_TIMESTAMP COMMENT 'Время создания строки',
  PRIMARY KEY (`id`)
) ENGINE=InnoDB AUTO_INCREMENT=101 DEFAULT CHARSET=utf8mb4 COLLATE=utf8mb4_unicode_ci COMMENT='Сообщения';
/*!40101 SET character_set_client = @saved_cs_client */;

--
-- Dumping data for table `messages`
--

LOCK TABLES `messages` WRITE;
/*!40000 ALTER TABLE `messages` DISABLE KEYS */;
INSERT INTO `messages` VALUES (1,1,1,'Culpa ullam consequatur et aut voluptatem nisi aut. Velit debitis corporis ab eum ea. Repellat eum voluptas omnis pariatur beatae sapiente atque quisquam.',1,0,'1999-07-19 14:55:28'),(2,2,2,'Quibusdam ut autem omnis ab. Quas omnis consectetur totam debitis vero animi. Est voluptatibus quia rerum adipisci. Aut nihil inventore corrupti.',0,0,'2011-01-22 05:56:29'),(3,3,3,'Id perspiciatis repellendus assumenda ullam exercitationem. At fugit at quam animi quis ipsum nobis. Quae ad et libero perspiciatis. Rerum hic et et et recusandae.',0,1,'2016-09-21 21:53:13'),(4,4,4,'Quia temporibus quaerat unde vitae. Autem asperiores dolores molestiae est. Est sunt dolor enim distinctio voluptatem consectetur. Et sunt quod ut ad cupiditate numquam illum.',0,0,'2017-06-07 15:37:57'),(5,5,5,'Nam sunt perferendis cumque ut. Ut qui quia est sunt. Sed reprehenderit molestias nesciunt.',0,0,'1986-06-01 12:32:06'),(6,6,6,'Sit voluptas odit aliquam aut. Quae consequatur corporis aut rem asperiores. Corrupti autem quo ut voluptas consequuntur velit.',1,0,'2004-12-22 15:31:05'),(7,7,7,'Praesentium officia labore nesciunt saepe quas. Aut non omnis dolorem possimus. Cum consequatur ut voluptates architecto quo qui.',0,0,'1972-11-18 16:00:45'),(8,8,8,'Iure quasi repudiandae enim quaerat aliquid. Perferendis assumenda dolore dolores occaecati enim sint quo. Quaerat ut quod quos qui repellendus numquam. Tempora voluptatum est maxime accusamus earum voluptatum nihil debitis.',1,0,'1981-08-16 11:29:47'),(9,9,9,'Optio eos odit cupiditate minima laudantium aspernatur. Architecto quas sint est qui. Illo voluptatum dolorem suscipit. Delectus dignissimos quia possimus.',1,0,'1987-01-12 23:02:36'),(10,10,10,'Possimus quo consequatur omnis incidunt. Deleniti in id aut ea animi. Dignissimos vel totam laboriosam facere ratione dolorem consequuntur. Quo quia molestiae velit dolorem voluptas. Ipsa autem aut aut esse sunt animi.',0,0,'1977-02-01 09:57:20'),(11,11,11,'Non esse quia sapiente voluptas laboriosam maxime. Ad omnis sunt maxime molestiae eius itaque. Asperiores et consequatur aut quas in fugiat quas. Animi architecto exercitationem unde quaerat vel nisi quo.',1,0,'1992-11-24 06:37:17'),(12,12,12,'Incidunt amet modi et nihil expedita ab. Magni commodi tempora voluptatem temporibus doloremque reprehenderit. Aliquam quis enim et molestias debitis et necessitatibus.',1,0,'1990-04-23 08:34:29'),(13,13,13,'Ipsa sunt consectetur amet molestiae dolores et. Neque officiis totam qui perspiciatis quaerat. Ducimus quidem aliquid ea non quo. Est itaque tenetur non.',1,1,'1981-04-01 11:06:59'),(14,14,14,'Qui architecto velit sed voluptatem hic. Est tempora dolorem et in. Voluptas nobis vitae dolore voluptatem voluptatem officia. Ducimus ut quisquam aperiam labore id.',1,0,'2021-12-08 15:15:33'),(15,15,15,'Quis sunt sint vero veritatis officiis ducimus perferendis. Neque sed qui et sunt voluptates fugit. Quas qui maxime voluptas consequatur eius accusantium.',0,0,'2006-01-07 10:30:04'),(16,16,16,'Sed qui quaerat sit totam veniam ea. Et fugit aut exercitationem ipsa sunt. Perferendis ad necessitatibus delectus dicta aut enim consequatur tempora.',1,0,'1976-01-29 23:20:05'),(17,17,17,'Dignissimos velit quam aperiam reprehenderit dolor ut et. Voluptate magni ut magni ad similique. Unde at rerum consequatur magni. Laboriosam aut ullam sint recusandae beatae sint reprehenderit et.',0,1,'2008-08-10 05:43:51'),(18,18,18,'Molestiae temporibus qui eum. Et earum sunt officia atque consequatur temporibus molestiae. In dolores sequi deleniti minima rerum. Temporibus velit et totam laboriosam ea.',1,0,'1998-11-22 01:20:49'),(19,19,19,'Eius quia eos at quis consequatur eum. Id vitae facere voluptate. Architecto sed omnis repellendus aperiam accusamus.',0,1,'2012-08-01 07:44:11'),(20,20,20,'Fuga aut velit officiis voluptate nesciunt iste vel adipisci. Illo rerum incidunt odio ipsum modi. Et voluptatibus ea sint mollitia a.',1,1,'1975-01-26 22:14:23'),(21,21,21,'Nihil sunt accusantium natus dolore. Harum doloremque aut et minus quo. Quaerat sed natus eveniet saepe. Voluptates ipsam est minima debitis beatae aperiam ut est.',0,1,'2013-12-26 13:32:11'),(22,22,22,'Sit eius hic quod magnam sed qui iusto. Est est consequatur sit vel placeat assumenda. Impedit reiciendis est architecto aut et quod et. Deleniti qui dolorem eum est voluptas qui.',1,0,'2003-07-28 10:21:29'),(23,23,23,'Eos minima deserunt veniam debitis accusantium eius. Maxime ducimus veritatis optio dolorem. Iusto laborum blanditiis vero et.',1,1,'2013-12-14 23:03:58'),(24,24,24,'Voluptate et quae voluptas aut quam at. Ut soluta est quis est. Rem neque quos quos harum sed et et. Voluptatem similique ea voluptatibus rerum cumque aut eveniet natus.',0,0,'2001-12-27 03:23:13'),(25,25,25,'Aut repellendus consequatur explicabo et quis exercitationem. Non vitae rerum eligendi sint maxime ad. Libero ut veritatis aspernatur et.',0,1,'1999-12-31 02:49:26'),(26,26,26,'Iste minima provident enim sit. Itaque maiores in molestiae. Et ducimus qui magni dignissimos. Rerum adipisci nemo voluptas corporis recusandae quidem.',1,1,'1982-08-14 15:07:39'),(27,27,27,'Laudantium quasi dolorem numquam aut voluptas. Accusantium reiciendis qui ut voluptas ullam. Facilis cupiditate qui tempore nisi. Quae sapiente culpa illo in.',0,0,'2018-11-28 22:15:21'),(28,28,28,'Quisquam porro voluptatum dolores est officia sit. Et totam omnis pariatur aliquid quae. Aut id non vitae.',0,0,'2016-09-16 08:59:09'),(29,29,29,'Iure quam pariatur quisquam consequatur in fugiat. Libero ullam porro temporibus velit vitae.',0,1,'1982-11-14 12:38:48'),(30,30,30,'Minima qui alias veritatis vitae. Temporibus molestias ullam magni est nesciunt nam eum. Enim tempora rerum quia deleniti. Officia eius iure consectetur at rem.',1,1,'1993-03-18 06:52:38'),(31,31,31,'Sunt quaerat ullam vitae. Aliquam quia rerum doloremque sint optio dolor. Placeat tempora cum soluta quis omnis qui autem.',1,1,'1998-05-05 09:40:56'),(32,32,32,'Quo ut similique et iusto maiores ut vero. Et est et aliquid doloremque. Voluptatum quasi quo sit odit. Incidunt minus et laudantium quas maxime.',1,0,'1979-03-26 05:18:19'),(33,33,33,'In incidunt sunt velit saepe similique. Aut eos optio dolorem blanditiis dolor.',1,0,'2014-12-15 05:37:26'),(34,34,34,'Dolores magnam officiis incidunt velit iusto iusto magni. Hic rerum dolore nam facilis. Reprehenderit nihil doloribus molestiae vero distinctio soluta assumenda voluptas.',1,0,'1991-07-14 18:39:39'),(35,35,35,'Voluptatem voluptatem aut quia sit. Odio aut minima deleniti ipsum temporibus voluptatem eius repudiandae. Et placeat rem qui et.',1,0,'2008-06-13 22:19:19'),(36,36,36,'Quis ex dolore et omnis. Voluptates dolore aperiam vero consequatur quia quaerat. Excepturi qui enim assumenda dolores dolores iste aut. Id libero numquam officiis ab sed et distinctio.',0,0,'1996-03-20 07:58:12'),(37,37,37,'Aspernatur vero libero qui et minus aliquid similique vitae. Magni qui et consequatur harum ex impedit reiciendis. Fugiat facilis qui quia autem beatae tempora consequuntur aut.',1,0,'2018-02-23 22:14:12'),(38,38,38,'Est inventore officiis quasi est reprehenderit quis rerum. Assumenda enim et voluptatem dicta culpa dolor nulla perspiciatis. Autem velit enim suscipit expedita enim qui accusamus. Nesciunt sit nostrum incidunt corporis quaerat et aut.',1,1,'2019-11-09 23:35:15'),(39,39,39,'Ducimus et est repudiandae fugit ipsa quaerat labore. Est tempore necessitatibus vero debitis vitae. Minus qui cum ex necessitatibus voluptatem animi porro a. Ut dolorem atque quia quisquam dolorem quod repellendus.',0,1,'2017-03-19 16:24:23'),(40,40,40,'Ullam sed reprehenderit non. Incidunt numquam aliquid quis distinctio quidem dolores occaecati. Aut excepturi voluptatem reprehenderit dolorem minus soluta modi.',1,0,'2015-04-01 21:32:48'),(41,41,41,'Ex labore culpa autem laboriosam possimus. Mollitia ducimus facilis in ullam perspiciatis temporibus soluta est. Ratione qui rerum eos ratione veniam molestiae dignissimos architecto.',1,1,'2009-05-24 16:55:10'),(42,42,42,'Officia fugiat omnis minima ex architecto. Nihil asperiores eos tempora possimus consequatur ut quos. Et eaque laudantium quo ea molestias provident. Eaque quis sed et magnam veniam dicta.',0,1,'2005-07-21 01:40:51'),(43,43,43,'Doloremque quia aspernatur optio eos. Animi omnis at quo autem animi tempore. Suscipit et amet incidunt aperiam excepturi.',1,0,'1984-10-19 09:22:59'),(44,44,44,'Consequatur enim culpa nulla. Nam voluptatem esse ullam beatae minima esse omnis. Ut quam esse et molestiae.',1,0,'2004-03-27 21:46:35'),(45,45,45,'Libero qui placeat aut quo consequatur et. Consequatur sunt ut saepe excepturi sed commodi. Rerum eius totam nesciunt.',0,0,'1987-06-10 15:30:36'),(46,46,46,'Sapiente rerum velit quasi voluptatem iusto voluptatem fugit nesciunt. Natus saepe voluptatum corporis dicta cum. Ipsam nostrum soluta laudantium beatae ut aut doloribus. Maxime nam omnis praesentium ipsam hic amet eaque tempore.',0,0,'2020-01-06 16:30:23'),(47,47,47,'Blanditiis deleniti voluptate suscipit consequatur aut. Omnis ipsam vel aperiam saepe unde illo. Veritatis voluptates corporis qui iste quia.',0,0,'2002-01-17 10:39:37'),(48,48,48,'Tenetur aliquam quia non quod voluptatem labore enim. Natus id nemo id adipisci quod mollitia unde.',1,1,'2009-07-27 05:59:28'),(49,49,49,'Voluptatem unde illum cupiditate id. Quasi magni occaecati omnis doloremque et ullam molestiae recusandae. Reiciendis ea quas quaerat officiis.',1,1,'2016-12-08 21:46:01'),(50,50,50,'Corrupti laboriosam aliquam sint animi. Minus non quisquam consequatur quis voluptates voluptatem est. Sint eligendi iste aut non. Nostrum velit excepturi aut ut laborum ut harum facere.',0,0,'1999-01-12 14:40:08'),(51,51,51,'Rerum id et quia esse. Similique laudantium at nihil illum nisi voluptas quasi. Optio nisi blanditiis quisquam non quia eius. Omnis dolor sed id odio autem et.',0,0,'2006-07-04 07:19:32'),(52,52,52,'Voluptas et quaerat ut iste et. Eveniet est quo blanditiis quasi quas a est. In culpa tenetur sit qui consectetur molestias.',1,0,'2004-09-09 23:08:04'),(53,53,53,'Nesciunt cumque et sint id asperiores quaerat. Eius qui non dignissimos ut earum. Tempore pariatur molestias sed voluptatem laboriosam minima temporibus. A omnis similique quo minus.',0,0,'1981-11-10 06:07:18'),(54,54,54,'Totam minus qui a molestiae qui inventore. Doloremque autem qui fuga impedit qui quis. Laudantium sed voluptas itaque eius.',0,0,'1981-08-06 11:22:38'),(55,55,55,'Eaque magni laboriosam architecto aliquid. Sit voluptatem repudiandae omnis vel. Et molestiae officiis ut inventore fugit.',0,1,'1995-08-10 01:50:11'),(56,56,56,'Possimus sequi molestiae odio debitis illum est. Et quam voluptas ducimus quis hic. Quia optio ex et possimus non facilis.',0,0,'2012-03-28 02:50:28'),(57,57,57,'Dolorem soluta esse iste amet sapiente sed. Sunt rerum vitae possimus molestiae. Mollitia qui eligendi quibusdam ea delectus. Quas blanditiis id aliquam error dolorem. Consequuntur modi rem animi quisquam.',1,1,'2008-06-27 13:11:28'),(58,58,58,'Consequuntur sapiente omnis corrupti mollitia sunt vitae et saepe. Quo harum iusto beatae ab molestiae. Iusto non aut numquam. Odit repellendus aut enim dolorem non ut iste. Distinctio quo voluptatibus ducimus nobis molestiae.',1,1,'1979-11-29 16:39:47'),(59,59,59,'Ipsam temporibus et consectetur. Laboriosam rerum quidem numquam repellat deserunt veniam ad. Eius culpa vel sit. Repellat aut repellat saepe tempore alias sed assumenda. Provident quam deleniti deleniti facere suscipit laborum earum debitis.',0,1,'1988-07-16 21:14:28'),(60,60,60,'Sit veniam nihil est corporis suscipit et. Et sint illo voluptatibus non. Sed consequatur qui beatae nobis non sunt cumque.',1,0,'2007-02-03 17:21:00'),(61,61,61,'Quia rerum temporibus nesciunt quo molestias iste. Officiis aliquid dignissimos facilis consequatur alias facere itaque. Magnam sint vel unde odit et. Qui at quidem est quia.',1,0,'2010-12-10 05:59:06'),(62,62,62,'Ea molestiae vitae fuga quis dolorum. Dolorem nisi et recusandae unde sunt. Ratione laudantium quasi voluptate sunt deleniti quo.',0,1,'2004-08-09 11:55:52'),(63,63,63,'Neque excepturi aut omnis aut itaque natus. Culpa voluptatem aut porro incidunt minus. In corporis ut alias perspiciatis expedita et reiciendis.',1,0,'1986-08-19 08:50:59'),(64,64,64,'Et reprehenderit vel et illum. Rem aliquam est est eveniet quibusdam. Doloremque dolore aut aut.',1,0,'1988-08-31 22:21:59'),(65,65,65,'Sapiente officia et aut corporis ullam voluptatum. Occaecati veritatis deserunt architecto blanditiis. Blanditiis vitae cupiditate quia incidunt eaque corporis sint necessitatibus.',0,1,'2007-12-09 05:16:05'),(66,66,66,'In ullam repellendus necessitatibus quia atque doloremque veniam. Dignissimos laboriosam consequatur aut delectus. Praesentium nihil placeat doloribus. Totam quo quas voluptates est quidem quisquam qui delectus.',1,1,'2016-10-10 02:30:54'),(67,67,67,'Velit ad odio voluptas dolore quos sunt. Voluptates distinctio sed nisi fuga magnam quae. Odio illum numquam quae. Rem quos repellendus dolorem aperiam quia at voluptatem.',0,1,'2007-01-08 18:03:35'),(68,68,68,'Pariatur quasi ut non eius cum. Perferendis perspiciatis non pariatur laudantium similique et molestiae.',0,1,'2019-02-18 03:28:59'),(69,69,69,'Sequi est magnam aut necessitatibus nihil occaecati aut voluptas. Minus itaque eos dolorum inventore. Exercitationem ut veritatis aut minima.',1,1,'1986-10-16 14:46:08'),(70,70,70,'Quas eaque recusandae nisi eos saepe error. Dolorum est similique eaque quas iure. Excepturi alias odit facilis.',0,0,'2019-07-17 15:28:23'),(71,71,71,'Quisquam quis voluptatibus esse molestiae qui quos quia laborum. Officiis autem et possimus blanditiis. Sunt voluptas provident est similique.',0,0,'2019-05-11 20:41:42'),(72,72,72,'Cum dolore blanditiis quo qui praesentium. Velit ipsam omnis in id ex quia eius. Odit rem assumenda consequatur expedita vitae. Veniam rerum sed qui reiciendis maxime facere.',1,0,'2007-05-15 16:58:21'),(73,73,73,'Commodi dolore est sit voluptatum reprehenderit ducimus. Alias voluptas doloremque autem. Inventore animi aut hic labore excepturi perferendis velit aut. Natus sequi ut doloribus est ducimus provident corporis.',1,1,'1998-06-06 08:21:46'),(74,74,74,'Qui dolores voluptatibus harum blanditiis. Et rerum quod enim repellendus excepturi voluptas et ipsum. Quibusdam est consectetur aut. Praesentium et sit voluptatem praesentium.',1,1,'1980-01-05 20:07:13'),(75,75,75,'Fugit delectus tenetur ratione fugiat ea voluptas non. Est inventore sit quam reprehenderit amet magni id. Ut sapiente vitae officiis saepe. Quidem sed esse rerum.',1,1,'2011-04-24 18:52:23'),(76,76,76,'Dolorem expedita consequatur blanditiis eius magnam eum in. Facere asperiores aut esse nam repudiandae quidem quia quibusdam. Laborum recusandae optio quaerat debitis deserunt quas. Esse ea nam facilis voluptatem animi.',1,1,'1970-12-19 18:12:03'),(77,77,77,'Sapiente maxime temporibus sequi amet similique non at. Aliquid qui sint et eos quia est eaque nemo. Maiores id ex iusto quo dolorem doloribus. Molestias aut velit corrupti rerum harum.',0,1,'2007-09-03 05:27:41'),(78,78,78,'Doloribus alias culpa dolor architecto. Natus dolores excepturi saepe aut. Harum et rem temporibus doloremque. Laboriosam qui animi voluptatibus porro dolorem consequatur consectetur. Occaecati porro officia at cumque beatae odio et.',1,1,'1991-04-25 04:44:32'),(79,79,79,'Ea similique nihil perferendis sed distinctio. Veniam nam vero recusandae amet beatae aliquam itaque rerum. Ipsa consequatur animi officia ipsum at in hic.',0,1,'2010-12-03 22:24:36'),(80,80,80,'Alias occaecati iure est reprehenderit esse. Illo harum optio magnam est vel et. Ipsa ratione qui neque doloremque dolorem possimus sit perspiciatis. Cum assumenda voluptatem perspiciatis expedita.',1,1,'2012-03-27 23:55:29'),(81,81,81,'Accusantium veniam mollitia ut autem molestiae aliquid. Mollitia itaque molestiae quibusdam esse sint maiores voluptas. Sapiente distinctio doloremque eveniet ipsa. Necessitatibus nostrum quia delectus labore. Recusandae odio perferendis quo quibusdam dolorum dolore consequuntur est.',0,1,'1971-02-20 22:49:20'),(82,82,82,'Nobis eos dolor est totam quia officiis id. Labore ab ullam rerum et impedit vitae. Consectetur unde sed quia ullam. Possimus veritatis molestias quam voluptas.',0,0,'2021-09-09 02:17:39'),(83,83,83,'Nihil cum quibusdam eaque et. Non quia eos voluptatem ea.',0,1,'1989-04-08 07:50:41'),(84,84,84,'Natus voluptatem eum sit magnam dolorem. Ratione dolores suscipit rerum sit pariatur illum quae occaecati. Mollitia ea atque ullam. Sed quam quia eos iure quisquam id.',0,1,'1992-04-25 14:40:14'),(85,85,85,'Et vitae sit praesentium nam voluptatem quo recusandae. Voluptate dolorum commodi et nostrum. Quaerat magni ut inventore officiis ipsam quia.',1,0,'1980-02-28 21:20:21'),(86,86,86,'Veniam magni nostrum quia aut fuga maiores distinctio. Eos sed eligendi dignissimos.',1,0,'1970-05-31 03:52:00'),(87,87,87,'Consequatur eveniet iste doloribus error. Quasi reiciendis consequatur autem aliquid beatae. Rerum et nobis similique. Necessitatibus aut ut ea exercitationem doloremque.',0,0,'2004-08-11 23:05:04'),(88,88,88,'Sit ex possimus quod eum. Officiis perspiciatis qui vel maiores facilis quod illum. Aut eum asperiores nihil ut magni sint deleniti. Dolore recusandae voluptas rerum voluptate aut architecto.',0,1,'2001-03-21 23:44:27'),(89,89,89,'Voluptatem laborum enim quo aspernatur. Doloribus voluptas ea laborum. Excepturi ullam et asperiores officiis. Assumenda voluptas occaecati delectus suscipit illo aut accusantium.',1,1,'1988-08-15 19:37:38'),(90,90,90,'Facilis libero qui doloribus maiores dolor ut. Est quis consequatur est dolore accusamus. Magnam rerum sequi voluptas recusandae doloremque iste.',0,1,'2011-10-01 03:11:03'),(91,91,91,'Commodi dolor unde consequatur qui voluptatibus. Iusto ut odio unde dolores qui praesentium reiciendis. Sit est aut explicabo repellat inventore aperiam. Laboriosam dolor doloremque tenetur sapiente deleniti id qui.',1,0,'2020-09-03 17:07:02'),(92,92,92,'Expedita est impedit at natus. Voluptatem mollitia maiores dicta dolores. Consequatur illum pariatur est molestias rerum earum. Facilis provident eligendi non eaque velit non ut. Adipisci facilis est possimus ut quam et in ipsum.',0,1,'2005-06-27 16:45:32'),(93,93,93,'Qui ut enim recusandae et illum odit non ipsam. In laboriosam aut iusto qui. Deleniti non nam maxime numquam nemo sunt qui. Consequuntur et sunt magni neque.',0,0,'1975-11-27 02:26:06'),(94,94,94,'Dolore et est voluptatum pariatur. Odio molestiae autem voluptas temporibus. Commodi quia eum in.',1,1,'1984-06-06 07:37:03'),(95,95,95,'Dolores omnis debitis repellat ut nemo. Tenetur aut nobis facilis nemo molestias. Laudantium repellat culpa et veritatis. Omnis qui distinctio laudantium sapiente nesciunt voluptas.',1,1,'1985-09-21 00:01:25'),(96,96,96,'In eum et ducimus ullam minima deserunt voluptatem. Quae officiis libero aspernatur atque. Ut id ut molestiae architecto est hic.',1,1,'2009-03-22 03:14:04'),(97,97,97,'Velit qui iusto quos sit dolores quisquam cum qui. Veritatis sed recusandae vitae fuga. Omnis nulla eveniet minus ut aperiam officia voluptas. Error id laborum consequatur consequuntur quas rerum.',1,1,'1973-06-26 06:43:38'),(98,98,98,'Ipsam sunt et odit iusto. Recusandae aut corporis aliquid dolor neque aliquam corrupti. Eius dolorum eligendi dolor sit.',0,1,'2013-06-26 18:23:39'),(99,99,99,'Voluptatum accusamus facere dolorum necessitatibus aut rem consequatur. Itaque odit sed soluta et odit. Iure rerum alias non. Qui voluptate repellat quam dolor.',0,1,'1994-07-13 13:02:22'),(100,100,100,'Eligendi repellat officia odit quod rerum. Delectus vel enim necessitatibus nihil nam voluptas. Perferendis est occaecati est reprehenderit rerum impedit exercitationem. Dolores labore voluptates hic. Eos inventore ipsam nobis commodi est ipsam.',0,0,'1972-07-22 09:01:02');
/*!40000 ALTER TABLE `messages` ENABLE KEYS */;
UNLOCK TABLES;

--
-- Table structure for table `profiles`
--

DROP TABLE IF EXISTS `profiles`;
/*!40101 SET @saved_cs_client     = @@character_set_client */;
/*!50503 SET character_set_client = utf8mb4 */;
CREATE TABLE `profiles` (
  `user_id` int unsigned NOT NULL COMMENT 'Ссылка на пользователя',
  `gender` char(1) CHARACTER SET utf8mb4 COLLATE utf8mb4_unicode_ci NOT NULL COMMENT 'Пол',
  `birthday` date DEFAULT NULL COMMENT 'Дата рождения',
  `city` varchar(130) CHARACTER SET utf8mb4 COLLATE utf8mb4_unicode_ci DEFAULT NULL COMMENT 'Город проживания',
  `country` varchar(130) CHARACTER SET utf8mb4 COLLATE utf8mb4_unicode_ci DEFAULT NULL COMMENT 'Страна проживания',
  `created_at` datetime DEFAULT CURRENT_TIMESTAMP COMMENT 'Время создания строки',
  `updated_at` datetime DEFAULT CURRENT_TIMESTAMP ON UPDATE CURRENT_TIMESTAMP COMMENT 'Время обновления строки',
  PRIMARY KEY (`user_id`)
) ENGINE=InnoDB DEFAULT CHARSET=utf8mb4 COLLATE=utf8mb4_unicode_ci COMMENT='Профили';
/*!40101 SET character_set_client = @saved_cs_client */;

--
-- Dumping data for table `profiles`
--

LOCK TABLES `profiles` WRITE;
/*!40000 ALTER TABLE `profiles` DISABLE KEYS */;
INSERT INTO `profiles` VALUES (1,'F','2022-01-05','Trevionstad','Poland','1985-07-02 19:36:29','1983-12-13 00:34:44'),(2,'F','2007-11-25','East Verla','Serbia','1974-01-28 09:27:59','1979-07-16 08:15:35'),(3,'F','1973-11-29','West Jermaine','Myanmar','1974-12-06 09:24:49','2015-12-31 10:14:37'),(4,'F','2019-03-31','Parkermouth','Guinea-Bissau','2019-06-14 09:39:14','1984-05-09 04:32:13'),(5,'M','2003-01-07','Colefort','Liechtenstein','1973-05-11 23:43:19','2003-01-04 00:19:09'),(6,'M','2008-03-14','West Houstontown','Nepal','2003-08-16 17:22:49','2020-03-21 20:55:46'),(7,'M','2008-12-16','Claychester','Belarus','1988-05-13 14:23:05','1981-04-16 15:33:49'),(8,'F','2008-06-06','Kamronview','Vanuatu','2013-08-04 12:10:20','1996-03-08 23:57:56'),(9,'F','2007-10-13','West Burdetteborough','China','2000-03-09 20:13:41','2002-01-04 01:12:39'),(10,'M','1997-01-24','South Eribertoberg','French Southern Territories','2007-09-28 05:49:29','1971-12-23 17:09:33'),(11,'F','1970-12-31','Schulistville','Spain','2017-06-11 04:56:41','1986-05-01 19:57:24'),(12,'M','1982-07-21','Joanniefort','Northern Mariana Islands','1973-10-21 00:13:25','1977-02-05 12:56:13'),(13,'F','2018-09-08','West Geo','Ghana','1999-04-16 13:21:12','1970-11-12 12:56:57'),(14,'M','2021-08-21','West Kyleeview','France','2001-11-18 18:37:53','1972-04-20 12:46:40'),(15,'F','1998-07-26','Kriston','Barbados','1980-07-09 12:42:52','1987-07-16 21:38:25'),(16,'F','1991-06-14','Lake Lelia','Sri Lanka','1977-09-22 07:26:53','2019-03-06 06:02:51'),(17,'M','2012-05-03','Mitchellchester','Iceland','2017-10-18 17:49:49','1988-05-09 09:36:49'),(18,'F','1971-05-30','Romafurt','Korea','1970-08-26 08:38:36','1997-09-26 12:11:11'),(19,'F','2001-06-30','Beckerstad','Croatia','1976-07-26 10:24:04','2019-07-03 00:19:27'),(20,'F','2010-06-09','Hortensemouth','Estonia','2014-06-23 05:56:50','1976-01-05 16:03:06'),(21,'M','1995-02-12','Penelopeview','Lebanon','2015-03-12 12:43:03','1977-06-06 09:42:48'),(22,'F','2000-07-27','South Katelynn','Vietnam','2001-01-03 04:25:04','2010-02-08 08:13:56'),(23,'F','2001-04-22','Huelburgh','Malta','1991-11-19 06:25:55','2004-04-06 13:29:42'),(24,'M','2021-09-12','Rudolphburgh','Chad','1991-11-02 02:49:02','2000-12-17 03:35:11'),(25,'F','1979-06-29','Leuschkestad','Timor-Leste','2020-08-12 05:58:50','2000-10-06 00:05:46'),(26,'M','1972-09-19','Port Billy','Maldives','1978-12-17 19:33:16','1997-08-13 10:42:03'),(27,'M','2000-05-12','South Leila','Iceland','2014-05-18 07:05:20','1971-03-25 13:32:38'),(28,'M','1985-07-30','Samantabury','Cocos (Keeling) Islands','1982-08-25 20:10:37','1980-09-07 03:25:40'),(29,'F','2003-03-10','Goyettestad','Cuba','2005-09-15 13:27:50','1996-08-31 17:29:37'),(30,'F','1972-05-31','South Crawfordbury','Azerbaijan','1970-04-12 14:04:11','2006-12-25 17:36:37'),(31,'M','2004-11-08','Lake Emil','Slovakia (Slovak Republic)','1991-05-16 18:39:17','1982-09-25 12:08:34'),(32,'M','2012-05-13','West Katelynfort','Anguilla','1985-07-23 23:57:32','1980-01-22 15:28:39'),(33,'F','1994-12-06','South Janychester','Japan','1993-11-27 07:38:46','1973-01-18 23:23:01'),(34,'M','2018-04-26','East Cristina','United States Virgin Islands','1973-10-05 21:26:12','2020-10-29 01:23:29'),(35,'F','2006-12-14','New Mallie','Saint Vincent and the Grenadines','2001-08-06 12:04:38','2001-10-26 12:20:49'),(36,'F','1996-02-04','Port Kathryn','Angola','2006-02-06 13:30:20','1981-08-14 03:39:23'),(37,'F','2011-11-19','East Catharineland','Belarus','1988-09-04 02:06:46','2006-11-25 04:19:45'),(38,'F','1993-04-23','Lindgrentown','Benin','2001-10-09 17:31:02','2012-06-14 16:17:06'),(39,'M','2003-12-31','Tristinland','Iceland','2021-10-28 14:53:06','2010-11-30 00:30:24'),(40,'M','1999-10-21','Port Juana','Vanuatu','2019-07-08 18:03:41','1992-05-04 04:40:57'),(41,'F','2009-04-06','South Ellisbury','Saint Vincent and the Grenadines','2013-12-29 09:42:56','1978-08-10 08:29:07'),(42,'M','1991-06-09','Carrollfurt','Ethiopia','1996-01-07 11:57:19','1988-08-20 19:20:01'),(43,'M','2000-06-12','East Tylerhaven','Peru','1993-06-26 19:56:06','1992-12-08 03:06:37'),(44,'M','1983-07-05','New Juwan','El Salvador','2015-05-17 05:16:05','2011-02-25 21:43:52'),(45,'F','1996-11-12','East Glenberg','Italy','2018-02-26 06:34:22','1995-05-04 22:29:07'),(46,'M','2014-02-03','Loraineside','Denmark','1994-09-20 21:40:35','1990-01-08 08:19:42'),(47,'M','1999-02-03','Cyrilshire','New Zealand','1982-12-22 23:31:06','2010-02-18 02:22:03'),(48,'M','1997-05-02','Buckville','Cape Verde','2000-02-05 02:07:07','1990-01-04 10:40:34'),(49,'M','1970-11-19','Jonesville','Uruguay','2004-12-14 20:50:44','2016-06-18 03:08:28'),(50,'F','1973-09-18','Ullrichfort','French Guiana','2013-07-10 05:51:23','2011-06-13 16:23:12'),(51,'M','1993-09-04','North Efrenfurt','Liechtenstein','1980-05-03 09:17:47','1987-03-19 06:44:37'),(52,'M','1995-02-08','West Carroll','Namibia','1974-04-28 19:58:24','1976-04-05 12:44:21'),(53,'F','1997-05-18','Ciarafort','Bermuda','2021-11-23 01:18:03','1986-08-24 18:31:39'),(54,'F','1985-01-29','Lake Shayneland','Pitcairn Islands','1995-05-05 23:36:41','2003-05-08 15:01:43'),(55,'M','2000-03-03','Stuarthaven','Monaco','1981-07-12 01:27:11','2008-10-19 00:35:45'),(56,'M','2021-05-26','Lake Alta','Bermuda','1994-12-22 03:45:00','1975-05-28 06:38:48'),(57,'M','2002-05-16','Kundechester','Armenia','1973-03-29 22:39:03','1980-06-06 09:08:45'),(58,'F','1992-09-07','Doraport','Greece','1996-07-20 23:09:22','2015-05-05 03:05:34'),(59,'M','1973-08-26','North Ansley','Saint Kitts and Nevis','2020-10-30 13:57:03','1990-08-04 03:19:30'),(60,'F','1986-03-08','Bodeburgh','Montenegro','2003-08-18 17:29:07','2018-09-03 17:25:24'),(61,'M','1999-12-21','Terrellview','Guatemala','2010-07-18 08:00:30','2003-08-27 09:13:21'),(62,'F','2020-03-06','Leonorville','Anguilla','1989-07-07 07:07:19','1995-02-21 04:03:21'),(63,'F','2001-05-27','West Chelseashire','Finland','2005-11-29 12:06:19','1983-01-17 14:32:03'),(64,'F','1984-05-09','Tillmanborough','Equatorial Guinea','2010-04-21 12:04:03','1994-12-23 03:35:13'),(65,'F','1984-07-11','Jeromeville','South Africa','2012-12-29 22:35:10','2003-07-28 22:55:47'),(66,'M','2018-07-19','West Angelitabury','Taiwan','2004-09-30 22:03:15','1975-12-28 02:47:17'),(67,'M','1999-09-15','Emelyside','Oman','1984-01-07 09:54:40','1994-02-28 17:20:49'),(68,'F','1979-08-02','Osinskistad','Liberia','1986-03-31 20:30:03','1995-12-08 20:15:26'),(69,'F','2019-01-31','Veldaborough','Djibouti','1976-12-23 07:09:04','1984-03-02 04:11:40'),(70,'M','1992-09-11','Gaylordmouth','Bouvet Island (Bouvetoya)','2017-04-16 15:49:27','1976-07-25 03:11:31'),(71,'F','2004-01-03','Alethaland','Uruguay','1975-09-03 05:36:38','2014-03-22 22:11:25'),(72,'M','2015-08-11','Klockoside','Andorra','1973-04-04 15:49:13','2012-05-04 11:26:31'),(73,'M','2006-06-29','Lake Danny','Argentina','1971-04-17 10:03:30','2012-12-07 09:58:45'),(74,'F','1989-11-10','Hilpertmouth','Gibraltar','1970-04-11 09:30:31','1975-06-11 00:19:27'),(75,'M','2013-07-30','Fadelport','French Southern Territories','1997-07-22 21:20:24','2003-09-21 13:36:09'),(76,'F','1984-06-09','Port Julietshire','Malta','2020-08-05 02:53:50','1975-03-24 09:50:02'),(77,'F','1991-08-17','Goyettetown','Palau','1972-05-26 14:10:48','2004-11-13 10:27:30'),(78,'F','2001-07-26','Port Elinore','Lao People\'s Democratic Republic','1971-02-17 03:19:23','1986-03-20 21:55:28'),(79,'M','2018-03-03','Lake Noble','Saudi Arabia','1987-07-09 06:48:50','1995-07-30 03:58:53'),(80,'F','1971-05-16','Enoshaven','Hungary','1977-12-21 23:46:03','1994-09-15 17:25:39'),(81,'M','1983-04-19','Nitzschechester','Namibia','1986-06-26 22:47:48','2015-06-28 09:19:11'),(82,'M','1986-11-01','South Karinahaven','Armenia','2001-03-19 07:23:12','1993-09-25 14:23:32'),(83,'M','1990-11-06','Doloresmouth','Cote d\'Ivoire','1979-06-12 21:39:31','1991-08-19 19:37:18'),(84,'M','1981-03-08','Port Alexaneville','Syrian Arab Republic','1984-08-07 15:47:25','1999-12-19 17:56:35'),(85,'F','1991-06-02','South Candidoberg','Puerto Rico','2000-10-25 14:01:38','1973-02-23 05:55:22'),(86,'M','2001-07-16','East Imelda','Japan','1976-03-06 19:42:28','1997-03-01 22:11:22'),(87,'F','1985-11-04','Port Francesco','Thailand','1976-03-15 11:20:52','2011-12-01 01:49:07'),(88,'M','1975-05-01','Mertzland','Italy','1978-07-01 02:50:22','1993-03-12 13:04:48'),(89,'F','2021-11-22','South Derickland','Saint Pierre and Miquelon','1978-01-19 14:33:54','2019-01-18 08:43:45'),(90,'F','1993-10-13','Runolfssonview','Luxembourg','2018-05-16 02:17:57','1984-12-06 23:39:11'),(91,'M','1975-10-28','Port Esta','Uruguay','2000-06-26 19:14:32','1990-11-25 03:06:08'),(92,'M','2021-03-08','South Lorenz','Montserrat','2005-05-31 21:24:40','2012-03-13 14:28:55'),(93,'F','2017-09-13','Emardside','Maldives','2008-04-03 18:12:58','1972-10-30 21:17:24'),(94,'F','2001-05-13','Stehrshire','Uruguay','2019-08-06 16:55:25','2004-09-15 10:38:11'),(95,'M','2001-03-30','North Juwan','Suriname','1990-06-24 17:42:12','1991-04-21 11:02:21'),(96,'F','2002-05-24','Bertrandshire','China','2002-02-28 13:56:18','2003-02-25 16:43:09'),(97,'M','1984-08-07','Itzelchester','Western Sahara','1974-10-14 20:47:07','1977-12-25 04:00:43'),(98,'M','2006-04-25','Leannontown','Serbia','2020-10-29 02:30:16','2014-09-04 19:55:03'),(99,'M','2020-01-14','Homenickstad','Greece','1998-12-07 12:31:37','2011-06-08 19:28:24'),(100,'M','1984-09-12','Fredrickburgh','Aruba','1970-10-22 04:05:01','2021-10-03 08:07:36');
/*!40000 ALTER TABLE `profiles` ENABLE KEYS */;
UNLOCK TABLES;

--
-- Table structure for table `users`
--

DROP TABLE IF EXISTS `users`;
/*!40101 SET @saved_cs_client     = @@character_set_client */;
/*!50503 SET character_set_client = utf8mb4 */;
CREATE TABLE `users` (
  `id` int unsigned NOT NULL AUTO_INCREMENT COMMENT 'Идентификатор строки',
  `first_name` varchar(100) CHARACTER SET utf8mb4 COLLATE utf8mb4_unicode_ci NOT NULL COMMENT 'Имя пользователя',
  `last_name` varchar(100) CHARACTER SET utf8mb4 COLLATE utf8mb4_unicode_ci NOT NULL COMMENT 'Фамилия пользователя',
  `email` varchar(100) CHARACTER SET utf8mb4 COLLATE utf8mb4_unicode_ci NOT NULL COMMENT 'Почта',
  `phone` varchar(100) CHARACTER SET utf8mb4 COLLATE utf8mb4_unicode_ci NOT NULL COMMENT 'Телефон',
  `created_at` datetime DEFAULT CURRENT_TIMESTAMP COMMENT 'Время создания строки',
  `updated_at` datetime DEFAULT CURRENT_TIMESTAMP ON UPDATE CURRENT_TIMESTAMP COMMENT 'Время обновления строки',
  PRIMARY KEY (`id`),
  UNIQUE KEY `email` (`email`),
  UNIQUE KEY `phone` (`phone`)
) ENGINE=InnoDB AUTO_INCREMENT=101 DEFAULT CHARSET=utf8mb4 COLLATE=utf8mb4_unicode_ci COMMENT='Пользователи';
/*!40101 SET character_set_client = @saved_cs_client */;

--
-- Dumping data for table `users`
--

LOCK TABLES `users` WRITE;
/*!40000 ALTER TABLE `users` DISABLE KEYS */;
INSERT INTO `users` VALUES (1,'Madonna','Lakin','minerva.lakin@example.com','(939)011-7902x5843','1983-04-16 06:28:21','2007-04-29 22:15:03'),(2,'Rachelle','Hoppe','monique.rippin@example.net','316.188.8735','1990-09-05 16:06:47','1973-03-20 07:17:57'),(3,'Laurine','Hermiston','tommie.parker@example.com','08218472594','2016-02-04 17:38:07','1996-06-17 23:33:43'),(4,'Kelli','West','gene39@example.com','1-557-326-2974x1650','1999-08-05 04:37:30','1996-12-11 10:14:46'),(5,'Benjamin','Jaskolski','emory14@example.org','1-694-019-9860','2016-08-10 06:35:08','2002-03-08 09:08:14'),(6,'Lester','Grant','omcclure@example.org','660.172.4951x6491','2000-04-30 10:43:49','1990-01-12 02:17:12'),(7,'Lester','Lindgren','jjohnston@example.com','02774935855','2010-03-27 10:59:48','1973-05-18 00:56:46'),(8,'Gerard','Conn','eheller@example.org','760-818-9631x875','1974-02-05 21:08:25','2011-04-21 21:38:46'),(9,'Miller','Renner','margarete.fadel@example.net','1-960-943-4987x161','1990-11-09 17:57:51','2001-11-06 16:30:51'),(10,'Bobbie','Brown','porter35@example.net','370.248.8041x5765','1994-09-29 07:07:39','2008-06-15 21:41:43'),(11,'Sam','Wiza','elias.gerlach@example.com','(751)467-1516x9132','1999-07-27 21:44:08','1995-03-20 17:00:41'),(12,'Shaylee','Johnson','elza46@example.org','297.542.6989x30352','1998-10-31 09:22:45','2008-11-13 23:08:26'),(13,'Carlie','Weber','watson.quigley@example.net','092.173.5059','1997-05-26 17:29:36','1982-02-26 22:34:43'),(14,'Alize','Donnelly','fidel.hegmann@example.com','00771386488','1971-07-24 07:33:35','2006-02-04 09:42:15'),(15,'Deion','D\'Amore','nwisozk@example.net','(831)845-2915x43603','1984-11-06 02:51:49','2015-07-02 08:07:52'),(16,'Myles','Stamm','afton.yundt@example.org','1-017-543-0256x92655','1992-01-14 23:56:33','1971-08-31 04:33:15'),(17,'Neha','Batz','gislason.rupert@example.org','06983591873','2009-11-26 06:43:03','1973-11-12 02:27:04'),(18,'Aron','Kertzmann','santos.shanahan@example.com','741.338.1939x3423','1988-11-03 22:35:29','2020-11-06 10:29:58'),(19,'Matt','Streich','myrna50@example.com','(235)969-5642','2011-01-29 02:58:16','1982-08-01 10:16:41'),(20,'Elenor','Adams','pblanda@example.net','220-614-2973x0090','1989-10-01 02:06:02','2021-09-01 04:09:47'),(21,'Cordie','Kertzmann','bergnaum.janis@example.org','506-757-1923x47027','1978-07-27 19:27:21','2016-10-10 00:59:18'),(22,'Dessie','Weimann','grayce.lemke@example.net','612-910-7273x25765','2020-09-19 13:47:24','1980-12-17 16:26:46'),(23,'Alec','Skiles','johnathan.walter@example.com','930-696-7384','1994-09-17 18:21:11','1980-10-08 04:23:01'),(24,'Alec','Kulas','andrew57@example.com','1-703-518-3828x413','1996-12-16 19:51:50','2021-01-09 03:37:58'),(25,'Verona','Keeling','schuyler58@example.net','06662284195','1985-08-13 00:20:30','1990-01-11 22:33:56'),(26,'Maryse','Schowalter','epagac@example.org','(440)189-0188x68354','1983-09-05 02:39:58','1977-03-02 09:40:58'),(27,'Brain','Gerlach','sauer.roslyn@example.net','134-410-4111x99912','1974-12-26 08:31:14','1974-11-25 10:35:27'),(28,'Crawford','Willms','justyn.metz@example.net','02940768797','1977-12-10 05:55:15','2016-03-16 16:40:10'),(29,'Callie','Deckow','lisa28@example.org','00615833950','1993-04-07 17:50:27','1979-09-20 05:58:25'),(30,'Everette','Goodwin','barry.dare@example.org','251-662-6749','2021-09-16 03:17:43','1996-04-26 15:35:37'),(31,'Nathaniel','Conn','cecil.bergnaum@example.net','1-149-202-0351','1978-03-11 04:21:17','2019-10-03 06:59:53'),(32,'Kayli','Schiller','shemar.harvey@example.net','(010)386-8304x953','1974-06-19 09:36:31','1973-01-18 07:17:57'),(33,'Kiel','Bahringer','madilyn.bradtke@example.net','(150)825-0333x01742','2001-03-09 02:21:52','1989-01-16 10:44:27'),(34,'Catherine','Anderson','nheidenreich@example.com','052.266.1038x940','1978-04-14 06:26:53','1998-03-04 16:14:30'),(35,'Caterina','O\'Keefe','schmitt.adriana@example.net','+74(9)9891718986','2016-09-03 14:58:02','2001-02-08 23:03:12'),(36,'Zella','Spencer','usmitham@example.com','(369)485-4083x559','2013-03-31 10:46:31','1986-05-07 13:27:22'),(37,'Corine','Crist','vspinka@example.com','1-810-353-7463','1980-10-13 19:04:57','1984-01-17 05:49:21'),(38,'Katarina','Feest','gmurray@example.com','(809)133-7745x952','2008-09-01 12:18:22','1984-09-17 04:15:43'),(39,'Paul','Schmidt','lori.ernser@example.org','384.610.9974x85926','2003-03-29 16:32:46','2007-01-08 19:11:38'),(40,'Beau','Zulauf','qbatz@example.net','102-515-6075x1755','2016-08-11 23:21:50','1986-09-10 19:11:30'),(41,'Randall','Walsh','donnelly.malcolm@example.com','(428)843-7887x24387','1999-10-12 03:30:02','1985-02-23 01:25:14'),(42,'Verona','Mayer','vwiza@example.net','1-536-326-3145','2009-11-01 15:05:39','2018-12-25 15:59:49'),(43,'Enos','Goldner','durgan.lorenza@example.net','1-081-959-7226','1997-01-05 02:41:51','1995-02-11 10:22:48'),(44,'Antonette','Stiedemann','taylor.kerluke@example.com','(863)551-4747x3776','2019-03-15 20:16:29','1993-04-25 09:08:09'),(45,'Claire','Jacobi','pouros.arlie@example.net','03919087621','2014-09-09 22:41:11','2020-10-27 07:05:15'),(46,'Rico','Kerluke','jerry.glover@example.com','(567)412-1993x528','1977-04-07 02:39:32','1972-05-27 06:16:47'),(47,'Rebecca','Brekke','abby73@example.org','012-062-7311x728','2011-07-09 05:10:34','1976-02-24 10:04:45'),(48,'Lyla','O\'Kon','vschneider@example.net','05018405735','2021-06-13 09:48:18','1994-04-18 23:50:30'),(49,'Estell','Wolff','beverly.vandervort@example.org','1-839-529-0075x9757','2010-03-29 17:07:54','1973-09-04 20:54:31'),(50,'Abigail','D\'Amore','vernie.o\'reilly@example.org','09351629019','1989-07-15 04:25:05','1975-05-17 04:53:34'),(51,'Ernest','Wuckert','kautzer.casper@example.net','228-997-7771x185','2011-10-08 13:39:05','1995-02-21 15:49:05'),(52,'Earnest','Fisher','rbednar@example.com','1-297-294-7462','1975-12-24 09:02:24','1977-02-08 20:27:54'),(53,'Sabryna','Erdman','connelly.laila@example.com','1-795-919-1129x592','2007-03-13 08:36:20','2004-12-09 10:37:30'),(54,'Brianne','Kub','mia93@example.org','1-762-196-6858x0815','1978-12-27 21:25:16','2017-03-29 00:34:07'),(55,'Lelah','Bernier','treutel.derek@example.net','255.068.3123','2015-10-01 03:00:08','1982-05-18 12:46:36'),(56,'Delaney','Sipes','schuppe.jamal@example.org','+77(2)3604354293','2015-03-12 08:08:44','2021-11-27 12:24:25'),(57,'Shad','Adams','schulist.clementina@example.com','095-684-1292','2000-05-02 09:11:39','2010-11-21 01:31:44'),(58,'Orland','Oberbrunner','mann.harmony@example.net','(727)930-5290x3207','1972-01-01 14:27:12','1987-09-21 21:11:06'),(59,'Barrett','Durgan','madelynn.leannon@example.net','373.453.5258x6219','1989-06-02 04:52:54','1995-08-29 01:35:13'),(60,'Cynthia','Runte','mann.elinore@example.org','1-023-334-4522','2003-10-17 03:16:16','2003-11-05 15:24:12'),(61,'Hassie','Olson','mbahringer@example.org','806.344.7344x5492','1989-05-08 14:16:56','1998-11-07 20:56:46'),(62,'Nicklaus','Torp','heather.heathcote@example.org','586-726-5644x4789','1984-02-20 21:47:14','2012-06-20 11:04:30'),(63,'Sylvan','Bartell','brekke.jocelyn@example.com','710-519-4327x93256','1982-04-20 14:39:03','1984-03-01 05:41:12'),(64,'Emily','Marvin','luettgen.lysanne@example.org','(691)097-8805x081','2000-10-07 08:56:57','1970-11-17 13:21:16'),(65,'Armani','Welch','kirstin.o\'reilly@example.org','(286)812-3727x699','2002-06-30 20:19:32','2011-03-17 12:49:04'),(66,'Howell','Herzog','avon@example.com','533.542.0328','2004-02-09 13:46:59','1973-09-25 21:13:44'),(67,'Leatha','Ledner','deja.eichmann@example.com','(215)956-3672x7871','1979-10-26 22:45:12','1983-07-13 03:22:36'),(68,'Fleta','Stroman','anahi.powlowski@example.net','05851701826','1996-10-06 23:42:39','2016-12-12 22:48:07'),(69,'Curtis','Kihn','mccullough.marques@example.org','896.095.1710x636','1975-06-24 14:53:33','1991-10-01 02:57:58'),(70,'Katlynn','Thiel','adolf.mertz@example.org','330.853.3262x908','1991-11-30 14:17:44','1986-02-21 19:39:06'),(71,'Joanie','Wehner','chahn@example.net','1-810-925-3356','1994-08-03 18:57:33','2001-02-08 14:06:19'),(72,'Jazmyne','Upton','ross.franecki@example.net','(991)455-3040x866','1998-08-15 22:30:20','1971-01-10 16:11:42'),(73,'Zachariah','Vandervort','hreynolds@example.net','(991)859-6866','2001-03-21 00:24:22','1980-09-11 22:48:13'),(74,'Marisa','Ondricka','oceane.cassin@example.net','05178048174','2005-10-02 16:32:21','1998-04-20 18:23:18'),(75,'Brando','Monahan','athompson@example.net','(488)031-6211x95666','1972-02-18 08:33:55','2002-07-06 20:59:45'),(76,'Brian','Pagac','vita31@example.net','03490452171','1995-07-12 08:07:30','1995-07-23 17:35:51'),(77,'Zachary','Steuber','vance43@example.net','1-604-251-3428','1997-04-06 17:24:36','2017-03-31 15:49:52'),(78,'Warren','Becker','pkoelpin@example.net','104-429-1088','1978-09-05 08:27:03','2014-11-02 10:47:16'),(79,'Kacey','Brakus','timmy.tremblay@example.net','1-385-800-8026x349','1980-12-12 03:29:37','2012-01-27 20:44:20'),(80,'Evalyn','Rutherford','eino43@example.net','320.443.9684x687','2009-12-12 23:05:04','1988-10-10 09:16:35'),(81,'Kiara','Boyer','pete.strosin@example.org','(050)559-5207x098','2012-12-25 18:03:20','1970-08-19 23:15:15'),(82,'Rebecca','Skiles','jody.wilderman@example.com','1-187-086-5659x52638','2005-04-30 09:39:24','1985-03-16 15:11:35'),(83,'Rahsaan','Crona','pattie57@example.org','370.517.4752x64628','1992-05-07 14:02:33','2002-08-25 11:52:39'),(84,'Stuart','Haag','hrempel@example.net','287.155.2242x559','1985-12-20 20:43:57','2007-01-17 09:35:10'),(85,'Joshuah','Halvorson','rodolfo.kuhic@example.com','691.233.9238','1971-07-10 04:09:34','1974-05-09 22:00:39'),(86,'Zula','Boyer','bpredovic@example.net','039.860.6757x334','2017-06-18 16:16:43','1979-06-05 21:34:36'),(87,'Kirsten','Hettinger','ricky.lubowitz@example.org','053-070-6024','2015-11-03 13:19:07','2000-02-09 22:38:43'),(88,'Lorena','Kerluke','tod.swaniawski@example.org','1-917-661-1176','1993-06-12 04:18:29','2018-10-02 09:28:45'),(89,'Nina','Skiles','treva28@example.org','467.844.5878','2020-02-18 18:37:08','2003-04-19 23:07:00'),(90,'Ivah','Stracke','angie.flatley@example.com','1-181-020-1155x7943','1996-01-18 15:47:56','1985-09-02 08:59:49'),(91,'Nia','Trantow','christiana12@example.com','845.691.9307x603','2000-05-30 00:59:26','1988-04-21 03:46:55'),(92,'Lupe','Lindgren','brisa.schaden@example.org','956.862.4795x638','1993-02-03 11:28:47','1983-02-26 14:05:56'),(93,'Alex','Zemlak','layla79@example.com','899.423.6105x28273','2015-07-14 13:38:05','2001-06-19 21:20:14'),(94,'Van','O\'Reilly','arthur.schmidt@example.org','(674)933-5920','2006-12-03 21:31:07','1982-01-29 16:19:48'),(95,'Mikayla','Willms','kirlin.johnson@example.org','1-162-534-5453x107','2016-04-13 01:40:59','2000-03-22 11:36:21'),(96,'Elinor','Steuber','dusty.doyle@example.net','00067276514','1979-06-01 11:17:51','1986-02-14 10:15:17'),(97,'Anabelle','Gerhold','hubert.ortiz@example.net','(101)516-6231x112','2011-01-01 16:34:17','2012-10-04 07:38:43'),(98,'Guido','Flatley','kub.scarlett@example.net','01602574155','1978-01-29 17:33:31','2019-11-27 16:07:25'),(99,'Zelda','Koelpin','bartoletti.judah@example.com','691.314.4967x828','2007-09-28 07:50:48','1980-05-05 02:18:40'),(100,'Nona','Greenholt','marilyne99@example.net','713-796-4974x16319','2010-09-21 16:23:20','1973-01-23 02:01:55');
/*!40000 ALTER TABLE `users` ENABLE KEYS */;
UNLOCK TABLES;
/*!40103 SET TIME_ZONE=@OLD_TIME_ZONE */;

/*!40101 SET SQL_MODE=@OLD_SQL_MODE */;
/*!40014 SET FOREIGN_KEY_CHECKS=@OLD_FOREIGN_KEY_CHECKS */;
/*!40014 SET UNIQUE_CHECKS=@OLD_UNIQUE_CHECKS */;
/*!40101 SET CHARACTER_SET_CLIENT=@OLD_CHARACTER_SET_CLIENT */;
/*!40101 SET CHARACTER_SET_RESULTS=@OLD_CHARACTER_SET_RESULTS */;
/*!40101 SET COLLATION_CONNECTION=@OLD_COLLATION_CONNECTION */;
/*!40111 SET SQL_NOTES=@OLD_SQL_NOTES */;

-- Dump completed on 2022-02-04 12:17:57
